speciesID	numOriginal	numFilteredOut	percentFilteredOut	numDuplicatesRemoved	percentDuplicatesRemoved	percentRemoved	numLeft	percentLeft
GCA_015501595.1	27479	3279	11.93	0	0.0	11.93	24200	88.07
GCA_010093515.1	10230	704	6.88	0	0.0	6.88	9526	93.12
GCA_022813765.1	8652	172	1.99	0	0.0	1.99	8480	98.01
GCA_010093825.1	10998	685	6.23	0	0.0	6.23	10313	93.77
GCA_030869315.1	17289	1163	6.73	0	0.0	6.73	16126	93.27
GCA_051295215.1	13905	5	0.04	24	0.17	0.21	13876	99.79
GCF_003013735.1	5134	4	0.08	0	0.0	0.08	5130	99.92
GCA_007735645.1	10820	18	0.17	0	0.0	0.17	10802	99.83
GCF_000187425.2	11688	0	0.0	0	0.0	0.0	11688	100.0
GCF_020744475.1	17049	542	3.18	0	0.0	3.18	16507	96.82
GCA_963921885.1	10045	82	0.82	0	0.0	0.82	9963	99.18
GCA_015178925.1	13214	1711	12.95	0	0.0	12.95	11503	87.05
GCA_022606235.1	11767	288	2.45	0	0.0	2.45	11479	97.55
GCA_022495235.1	13038	83	0.64	0	0.0	0.64	12955	99.36
GCF_024043175.1	10982	32	0.29	0	0.0	0.29	10950	99.71
GCA_011022315.1	10760	10	0.09	0	0.0	0.09	10750	99.91
GCA_037954225.1	20782	82	0.39	13	0.06	0.46	20687	99.54
GCA_033675105.1	11954	333	2.79	0	0.0	2.79	11621	97.21
GCA_025201705.1	12579	1170	9.3	0	0.0	9.3	11409	90.7
GCA_023242295.1	12061	829	6.87	0	0.0	6.87	11232	93.13
GCA_017301755.1	3182	18	0.57	0	0.0	0.57	3164	99.43
GCF_030867605.1	16727	699	4.18	0	0.0	4.18	16028	95.82
GCF_021653875.1	2415	9	0.37	0	0.0	0.37	2406	99.63
GCF_001477535.1	3761	90	2.39	0	0.0	2.39	3671	97.61
GCA_014839865.1	9528	338	3.55	0	0.0	3.55	9190	96.45
GCF_024610255.1	5679	16	0.28	0	0.0	0.28	5663	99.72
GCA_013396035.1	14263	122	0.86	0	0.0	0.86	14141	99.14
GCA_044089335.1	15687	199	1.27	0	0.0	1.27	15488	98.73
GCA_001632355.1	13654	1016	7.44	0	0.0	7.44	12638	92.56
GCF_001661255.1	6417	925	14.41	0	0.0	14.41	5492	85.59
GCF_047715705.1	11087	92	0.83	0	0.0	0.83	10995	99.17
GCF_000143535.2	13703	0	0.0	706	5.15	5.15	12997	94.85
GCF_000527765.1	12882	1121	8.7	0	0.0	8.7	11761	91.3
GCA_027604645.1	9981	453	4.54	0	0.0	4.54	9528	95.46
GCF_016647635.1	15740	1724	10.95	0	0.0	10.95	14016	89.05
GCF_000263375.1	5277	332	6.29	0	0.0	6.29	4945	93.71
GCA_051941385.1	8373	295	3.52	0	0.0	3.52	8078	96.48
GCA_033220425.1	10853	35	0.32	0	0.0	0.32	10818	99.68
GCF_028828465.1	10487	143	1.36	0	0.0	1.36	10344	98.64
GCF_042100115.1	10026	0	0.0	0	0.0	0.0	10026	100.0
GCA_050947685.1	4631	4	0.09	0	0.0	0.09	4627	99.91
GCA_022627125.1	13380	298	2.23	0	0.0	2.23	13082	97.77
GCF_019456465.1	9228	21	0.23	0	0.0	0.23	9207	99.77
GCF_000576695.1	5988	1	0.02	0	0.0	0.02	5987	99.98
GCF_028826855.1	10983	203	1.85	0	0.0	1.85	10780	98.15
GCA_002933655.1	11903	0	0.0	0	0.0	0.0	11903	100.0
GCA_025766325.1	11659	906	7.77	0	0.0	7.77	10753	92.23
GCA_050403045.1	9584	217	2.26	0	0.0	2.26	9367	97.74
GCA_026319125.1	13397	154	1.15	0	0.0	1.15	13243	98.85
GCA_025399235.1	17030	2243	13.17	0	0.0	13.17	14787	86.83
GCA_030512285.1	14519	637	4.39	0	0.0	4.39	13882	95.61
GCF_000835515.1	13234	70	0.53	426	3.22	3.75	12738	96.25
GCA_022385655.1	9861	72	0.73	0	0.0	0.73	9789	99.27
GCA_036674765.1	13444	27	0.2	0	0.0	0.2	13417	99.8
GCA_030407015.1	16095	888	5.52	0	0.0	5.52	15207	94.48
GCA_047715865.1	10111	120	1.19	0	0.0	1.19	9991	98.81
GCA_033296885.1	11838	476	4.02	0	0.0	4.02	11362	95.98
GCA_051941205.1	8341	622	7.46	0	0.0	7.46	7719	92.54
GCA_013396015.1	14387	76	0.53	0	0.0	0.53	14311	99.47
GCA_001630345.1	12363	814	6.58	0	0.0	6.58	11549	93.42
GCF_963989305.1	6143	0	0.0	0	0.0	0.0	6143	100.0
GCA_016618355.2	13403	1585	11.83	0	0.0	11.83	11818	88.17
GCF_002926085.2	5173	1	0.02	0	0.0	0.02	5172	99.98
GCF_023343755.2	4918	37	0.75	0	0.0	0.75	4881	99.25
GCF_022495145.1	12119	59	0.49	0	0.0	0.49	12060	99.51
GCA_013364935.1	14797	139	0.94	0	0.0	0.94	14658	99.06
GCF_000146915.1	15994	8	0.05	0	0.0	0.05	15986	99.95
GCA_001563125.1	13783	291	2.11	0	0.0	2.11	13492	97.89
GCF_041146345.1	8589	3	0.03	0	0.0	0.03	8586	99.97
GCF_028828445.1	9859	159	1.61	0	0.0	1.61	9700	98.39
GCF_022605165.1	11855	15	0.13	7	0.06	0.19	11833	99.81
GCA_001661475.1	4657	633	13.59	0	0.0	13.59	4024	86.41
GCF_025024155.1	12220	649	5.31	0	0.0	5.31	11571	94.69
GCF_026914185.1	12736	24	0.19	0	0.0	0.19	12712	99.81
GCF_000213175.1	10379	586	5.65	0	0.0	5.65	9793	94.35
GCA_003182015.1	9431	1460	15.48	0	0.0	15.48	7971	84.52
GCA_029320655.1	29477	2836	9.62	0	0.0	9.62	26641	90.38
GCF_001664045.1	5155	357	6.93	0	0.0	6.93	4798	93.07
GCA_026025075.1	6608	160	2.42	0	0.0	2.42	6448	97.58
GCA_013396295.1	11332	67	0.59	0	0.0	0.59	11265	99.41
GCF_011800055.1	15667	915	5.84	0	0.0	5.84	14752	94.16
GCA_014904845.1	21022	1185	5.64	0	0.0	5.64	19837	94.36
GCF_000280675.1	10364	0	0.0	0	0.0	0.0	10364	100.0
GCF_020647795.1	13568	8	0.06	5	0.04	0.1	13555	99.9
GCA_022836615.1	11202	67	0.6	0	0.0	0.6	11135	99.4
GCA_024184665.2	7859	34	0.43	0	0.0	0.43	7825	99.57
GCF_028828015.1	12165	144	1.18	0	0.0	1.18	12021	98.82
GCA_003073855.1	18735	1928	10.29	0	0.0	10.29	16807	89.71
GCF_022702325.1	9914	1	0.01	0	0.0	0.01	9913	99.99
GCF_022829205.1	13929	32	0.23	0	0.0	0.23	13897	99.77
GCA_029542965.1	4047	4	0.1	0	0.0	0.1	4043	99.9
GCA_004355085.1	17134	1572	9.17	0	0.0	9.17	15562	90.83
GCA_026023805.1	8168	18	0.22	0	0.0	0.22	8150	99.78
GCF_000497045.1	6421	12	0.19	0	0.0	0.19	6409	99.81
GCA_043643485.1	15000	19	0.13	0	0.0	0.13	14981	99.87
GCF_000721785.1	11844	589	4.97	0	0.0	4.97	11255	95.03
GCA_023645835.1	8434	258	3.06	0	0.0	3.06	8176	96.94
GCF_030435595.1	19031	1187	6.24	0	0.0	6.24	17844	93.76
GCF_000721765.1	10259	1128	11.0	0	0.0	11.0	9131	89.0
GCA_014235955.1	16124	249	1.54	0	0.0	1.54	15875	98.46
GCF_003054445.1	5139	7	0.14	0	0.0	0.14	5132	99.86
GCA_014904905.1	13084	1372	10.49	0	0.0	10.49	11712	89.51
GCF_000003855.2	11343	291	2.57	1038	9.15	11.72	10014	88.28
GCA_021525025.1	15954	1611	10.1	0	0.0	10.1	14343	89.9
GCA_029282495.1	36935	4056	10.98	0	0.0	10.98	32879	89.02
GCF_000149245.1	7826	7	0.09	386	4.93	5.02	7433	94.98
GCA_026023525.1	9133	129	1.41	0	0.0	1.41	9004	98.59
GCF_019650295.1	13458	0	0.0	0	0.0	0.0	13458	100.0
GCA_017911155.1	8476	3494	41.22	6	0.07	41.29	4976	58.71
GCA_032173475.1	8742	153	1.75	0	0.0	1.75	8589	98.25
GCF_041956765.1	10411	11	0.11	0	0.0	0.11	10400	99.89
GCA_022496205.1	12902	836	6.48	0	0.0	6.48	12066	93.52
GCF_947241705.1	5577	4	0.07	0	0.0	0.07	5573	99.93
GCA_014904975.1	17096	1818	10.63	0	0.0	10.63	15278	89.37
GCA_001432165.1	3644	118	3.24	0	0.0	3.24	3526	96.76
GCA_020726575.1	12457	450	3.61	0	0.0	3.61	12007	96.39
GCA_004931855.1	5079	98	1.93	0	0.0	1.93	4981	98.07
GCF_045866475.1	11331	1	0.01	0	0.0	0.01	11330	99.99
GCA_011503125.2	14017	0	0.0	0	0.0	0.0	14017	100.0
GCA_031326905.1	7537	120	1.59	0	0.0	1.59	7417	98.41
GCA_009428295.1	7842	114	1.45	0	0.0	1.45	7728	98.55
GCA_911456345.1	10635	29	0.27	0	0.0	0.27	10606	99.73
GCA_027604705.1	8889	182	2.05	0	0.0	2.05	8707	97.95
GCA_016628565.1	15123	1441	9.53	0	0.0	9.53	13682	90.47
GCF_010094085.1	10405	493	4.74	0	0.0	4.74	9912	95.26
GCA_026024515.1	9544	194	2.03	0	0.0	2.03	9350	97.97
GCA_025603285.1	5811	535	9.21	0	0.0	9.21	5276	90.79
GCF_000150975.2	8921	34	0.38	0	0.0	0.38	8887	99.62
GCF_000243375.1	4970	6	0.12	0	0.0	0.12	4964	99.88
GCA_026025055.1	9066	2826	31.17	0	0.0	31.17	6240	68.83
GCF_001646965.1	11681	0	0.0	0	0.0	0.0	11681	100.0
GCA_023376865.1	17391	1029	5.92	0	0.0	5.92	16362	94.08
GCF_000320565.1	10144	683	6.73	0	0.0	6.73	9461	93.27
GCF_000006335.3	6254	34	0.54	0	0.0	0.54	6220	99.46
GCF_000260195.1	22487	63	0.28	2676	11.9	12.18	19748	87.82
GCF_903064755.1	5267	0	0.0	0	0.0	0.0	5267	100.0
GCF_020744385.1	13580	264	1.94	0	0.0	1.94	13316	98.06
GCF_000150675.1	10535	47	0.45	0	0.0	0.45	10488	99.55
GCF_000226545.1	10527	954	9.06	0	0.0	9.06	9573	90.94
GCA_025449115.1	14273	1316	9.22	0	0.0	9.22	12957	90.78
GCA_002105065.1	7964	286	3.59	0	0.0	3.59	7678	96.41
GCA_014904855.1	12641	1347	10.66	0	0.0	10.66	11294	89.34
GCA_020744225.1	15088	488	3.23	0	0.0	3.23	14600	96.77
GCF_022376445.1	17405	1488	8.55	0	0.0	8.55	15917	91.45
GCA_033296875.1	10292	481	4.67	0	0.0	4.67	9811	95.33
GCA_029542985.1	3911	14	0.36	0	0.0	0.36	3897	99.64
GCA_004369125.1	12872	779	6.05	0	0.0	6.05	12093	93.95
GCA_902141235.2	18029	715	3.97	0	0.0	3.97	17314	96.03
GCA_014904985.1	18664	2279	12.21	0	0.0	12.21	16385	87.79
GCA_015679535.1	11844	971	8.2	0	0.0	8.2	10873	91.8
GCF_000585565.1	10468	114	1.09	0	0.0	1.09	10354	98.91
GCA_019669825.1	9557	529	5.54	0	0.0	5.54	9028	94.46
GCF_000149925.1	15978	191	1.2	59	0.37	1.56	15728	98.44
GCF_020744255.1	16023	837	5.22	0	0.0	5.22	15186	94.78
GCA_027579605.1	6212	1537	24.74	0	0.0	24.74	4675	75.26
GCA_000978885.1	5622	0	0.0	0	0.0	0.0	5622	100.0
GCA_029282135.1	18071	1371	7.59	0	0.0	7.59	16700	92.41
GCA_001970855.1	12166	1236	10.16	0	0.0	10.16	10930	89.84
GCA_001633055.2	10146	1951	19.23	7	0.07	19.3	8188	80.7
GCA_000835435.1	11909	24	0.2	406	3.41	3.61	11479	96.39
GCF_003184845.1	11674	402	3.44	0	0.0	3.44	11272	96.56
GCA_036780745.1	1870	24	1.28	0	0.0	1.28	1846	98.72
GCA_022385595.1	11559	68	0.59	0	0.0	0.59	11491	99.41
GCA_025765615.1	16589	1618	9.75	0	0.0	9.75	14971	90.25
GCA_003339455.1	7046	353	5.01	3	0.04	5.05	6690	94.95
GCA_003184685.1	12162	596	4.9	0	0.0	4.9	11566	95.1
GCF_000264995.1	11538	1243	10.77	0	0.0	10.77	10295	89.23
GCF_035222485.1	11140	110	0.99	0	0.0	0.99	11030	99.01
GCA_002261195.1	5719	511	8.94	0	0.0	8.94	5208	91.06
GCF_004022145.1	9270	113	1.22	0	0.0	1.22	9157	98.78
GCA_000383075.1	4468	244	5.46	0	0.0	5.46	4224	94.54
GCF_000600275.1	10054	372	3.7	0	0.0	3.7	9682	96.3
GCA_910592055.1	14505	8764	60.42	0	0.0	60.42	5741	39.58
GCA_016097935.1	10413	1241	11.92	0	0.0	11.92	9172	88.08
GCA_040143965.1	19650	1106	5.63	16	0.08	5.71	18528	94.29
GCF_000026945.1	5860	14	0.24	0	0.0	0.24	5846	99.76
GCA_051941985.1	8985	2040	22.7	0	0.0	22.7	6945	77.3
GCF_902498895.1	6475	0	0.0	0	0.0	0.0	6475	100.0
GCA_050886345.1	9679	34	0.35	0	0.0	0.35	9645	99.65
GCA_004332605.1	12260	531	4.33	0	0.0	4.33	11729	95.67
GCA_010093945.1	10171	618	6.08	0	0.0	6.08	9553	93.92
GCF_016906535.1	12301	0	0.0	0	0.0	0.0	12301	100.0
GCA_052059055.1	8057	434	5.39	0	0.0	5.39	7623	94.61
GCA_013396165.1	14590	175	1.2	0	0.0	1.2	14415	98.8
GCA_013305925.1	3063	25	0.82	0	0.0	0.82	3038	99.18
GCF_028827165.1	14288	258	1.81	0	0.0	1.81	14030	98.19
GCA_033297205.1	10636	660	6.21	0	0.0	6.21	9976	93.79
GCF_028827035.1	11975	205	1.71	0	0.0	1.71	11770	98.29
GCA_051942465.1	8017	1155	14.41	0	0.0	14.41	6862	85.59
GCA_050703535.1	12747	132	1.04	0	0.0	1.04	12615	98.96
GCF_003444635.1	11642	0	0.0	0	0.0	0.0	11642	100.0
GCA_030549175.1	14130	871	6.16	0	0.0	6.16	13259	93.84
GCF_001896365.1	10403	5	0.05	0	0.0	0.05	10398	99.95
GCF_000146465.1	1938	1	0.05	0	0.0	0.05	1937	99.95
GCF_002865645.1	18604	1588	8.54	0	0.0	8.54	17016	91.46
GCA_033807595.1	8030	131	1.63	0	0.0	1.63	7899	98.37
GCA_027596035.1	9403	1026	10.91	0	0.0	10.91	8377	89.09
GCA_010015805.1	12801	1013	7.91	0	0.0	7.91	11788	92.09
GCF_000149615.1	10401	4	0.04	0	0.0	0.04	10397	99.96
GCA_022695765.1	11683	52	0.45	0	0.0	0.45	11631	99.55
GCA_021014935.1	14072	1526	10.84	0	0.0	10.84	12546	89.16
GCF_038497915.1	7319	195	2.66	0	0.0	2.66	7124	97.34
GCA_051132625.1	12439	21	0.17	0	0.0	0.17	12418	99.83
GCF_002708625.1	10890	678	6.23	0	0.0	6.23	10212	93.77
GCA_038181435.1	11342	30	0.26	0	0.0	0.26	11312	99.74
GCA_010093605.1	15150	756	4.99	0	0.0	4.99	14394	95.01
GCA_027478575.1	8881	5439	61.24	0	0.0	61.24	3442	38.76
GCF_000747765.1	6764	24	0.35	0	0.0	0.35	6740	99.65
GCA_001020605.1	17089	1230	7.2	0	0.0	7.2	15859	92.8
GCA_007026445.1	15576	898	5.77	0	0.0	5.77	14678	94.23
GCF_008694065.1	10062	11	0.11	0	0.0	0.11	10051	99.89
GCF_000464535.1	9238	0	0.0	0	0.0	0.0	9238	100.0
GCF_024521635.1	10412	404	3.88	0	0.0	3.88	10008	96.12
GCA_003369665.1	14177	0	0.0	0	0.0	0.0	14177	100.0
GCA_050947605.1	4148	24	0.58	0	0.0	0.58	4124	99.42
GCA_018360065.1	7857	212	2.7	0	0.0	2.7	7645	97.3
GCA_012184315.1	10344	0	0.0	0	0.0	0.0	10344	100.0
GCF_013036055.1	11314	483	4.27	0	0.0	4.27	10831	95.73
GCF_003942205.1	9143	23	0.25	0	0.0	0.25	9120	99.75
GCA_002102555.1	12763	1850	14.5	0	0.0	14.5	10913	85.5
GCF_000003525.1	11538	104	0.9	1131	9.8	10.7	10303	89.3
GCA_051941605.1	8233	1130	13.73	0	0.0	13.73	7103	86.27
GCA_026954515.1	15890	8799	55.37	0	0.0	55.37	7091	44.63
GCA_018856295.1	12126	3109	25.64	0	0.0	25.64	9017	74.36
GCA_050948085.1	10376	92	0.89	0	0.0	0.89	10284	99.11
GCF_019207285.1	5407	10	0.18	0	0.0	0.18	5397	99.82
GCA_027919835.1	16187	1278	7.9	0	0.0	7.9	14909	92.1
GCA_012980515.1	7455	0	0.0	0	0.0	0.0	7455	100.0
GCA_030247845.1	9226	30	0.33	0	0.0	0.33	9196	99.67
GCA_025093555.1	14692	983	6.69	0	0.0	6.69	13709	93.31
GCA_027597005.1	11036	1583	14.34	0	0.0	14.34	9453	85.66
GCF_016758775.1	15529	1432	9.22	0	0.0	9.22	14097	90.78
GCF_003144135.1	6681	398	5.96	0	0.0	5.96	6283	94.04
GCA_003814445.1	7034	12	0.17	0	0.0	0.17	7022	99.83
GCA_002916505.1	8983	1001	11.14	3	0.03	11.18	7979	88.82
GCA_022264855.1	13234	909	6.87	0	0.0	6.87	12325	93.13
GCA_027604665.2	9378	148	1.58	0	0.0	1.58	9230	98.42
GCF_000264905.1	14064	1145	8.14	0	0.0	8.14	12919	91.86
GCA_023645815.1	7460	678	9.09	0	0.0	9.09	6782	90.91
GCA_947670415.1	5313	2	0.04	0	0.0	0.04	5311	99.96
GCA_022376555.1	10834	824	7.61	0	0.0	7.61	10010	92.39
GCA_027627405.1	13108	0	0.0	0	0.0	0.0	13108	100.0
GCF_019609905.1	13851	10	0.07	0	0.0	0.07	13841	99.93
GCF_003184585.1	10059	319	3.17	0	0.0	3.17	9740	96.83
GCA_022478985.1	5453	1836	33.67	0	0.0	33.67	3617	66.33
GCA_022376435.1	11558	817	7.07	0	0.0	7.07	10741	92.93
GCF_000192795.1	2773	118	4.26	0	0.0	4.26	2655	95.74
GCF_000400465.1	4863	1	0.02	0	0.0	0.02	4862	99.98
GCA_015179125.1	20332	2425	11.93	0	0.0	11.93	17907	88.07
GCA_000950595.1	11343	112	0.99	0	0.0	0.99	11231	99.01
GCA_017311265.1	3203	166	5.18	0	0.0	5.18	3037	94.82
GCF_047715535.1	11114	125	1.12	0	0.0	1.12	10989	98.88
GCF_028828195.1	11673	122	1.05	0	0.0	1.05	11551	98.95
GCF_000149425.1	5920	20	0.34	0	0.0	0.34	5900	99.66
GCA_033297225.1	13055	682	5.22	0	0.0	5.22	12373	94.78
GCF_001642045.1	14729	717	4.87	0	0.0	4.87	14012	95.13
GCA_030867255.1	15191	661	4.35	0	0.0	4.35	14530	95.65
GCA_021642125.2	9970	32	0.32	0	0.0	0.32	9938	99.68
GCF_000300595.1	13918	1518	10.91	0	0.0	10.91	12400	89.09
GCA_025094145.1	10138	946	9.33	0	0.0	9.33	9192	90.67
GCA_002092935.1	12693	639	5.03	0	0.0	5.03	12054	94.97
GCA_027576975.1	6548	173	2.64	0	0.0	2.64	6375	97.36
GCA_029203975.1	27950	2215	7.92	0	0.0	7.92	25735	92.08
GCA_021365295.1	14928	767	5.14	0	0.0	5.14	14161	94.86
GCA_022578875.1	12441	80	0.64	0	0.0	0.64	12361	99.36
GCA_030549205.1	12367	586	4.74	0	0.0	4.74	11781	95.26
GCA_018360145.1	7994	672	8.41	0	0.0	8.41	7322	91.59
GCA_051941915.1	7745	387	5.0	0	0.0	5.0	7358	95.0
GCA_047715895.1	11609	87	0.75	0	0.0	0.75	11522	99.25
GCA_013053245.1	12919	1	0.01	0	0.0	0.01	12918	99.99
GCA_016098005.1	11885	1522	12.81	0	0.0	12.81	10363	87.19
GCA_025331435.1	11534	842	7.3	0	0.0	7.3	10692	92.7
GCF_000292625.1	10237	941	9.19	0	0.0	9.19	9296	90.81
GCA_022963135.1	5248	2	0.04	0	0.0	0.04	5246	99.96
GCA_036872655.1	10941	0	0.0	0	0.0	0.0	10941	100.0
GCA_911456355.1	11827	2	0.02	0	0.0	0.02	11825	99.98
GCA_037126485.1	10466	17	0.16	0	0.0	0.16	10449	99.84
GCA_014461115.1	13505	0	0.0	0	0.0	0.0	13505	100.0
GCA_003369635.1	13257	0	0.0	0	0.0	0.0	13257	100.0
GCA_026027315.1	10810	2413	22.32	0	0.0	22.32	8397	77.68
GCA_027579435.1	16680	16679	99.99	0	0.0	99.99	1	0.01
GCA_019787685.1	11148	104	0.93	0	0.0	0.93	11044	99.07
GCA_010015745.1	14389	1450	10.08	0	0.0	10.08	12939	89.92
GCF_003369625.1	11603	0	0.0	0	0.0	0.0	11603	100.0
GCF_000512605.2	7809	0	0.0	0	0.0	0.0	7809	100.0
GCF_000835755.1	6646	0	0.0	0	0.0	0.0	6646	100.0
GCF_025528875.1	10914	1158	10.61	0	0.0	10.61	9756	89.39
GCA_019669835.1	11869	666	5.61	0	0.0	5.61	11203	94.39
GCF_000359705.1	11687	640	5.48	0	0.0	5.48	11047	94.52
GCA_022814025.1	10151	145	1.43	0	0.0	1.43	10006	98.57
GCA_030407065.1	19016	1027	5.4	0	0.0	5.4	17989	94.6
GCF_001664035.1	5838	505	8.65	0	0.0	8.65	5333	91.35
GCA_037954305.1	12394	88	0.71	0	0.0	0.71	12306	99.29
GCA_036971725.1	11992	8	0.07	5	0.04	0.11	11979	99.89
GCA_026008595.1	12906	19	0.15	0	0.0	0.15	12887	99.85
GCA_000697665.1	16375	1411	8.62	0	0.0	8.62	14964	91.38
GCA_028828255.1	10990	155	1.41	0	0.0	1.41	10835	98.59
GCF_038497815.1	5780	206	3.56	0	0.0	3.56	5574	96.44
GCA_003795315.1	10561	3	0.03	0	0.0	0.03	10558	99.97
GCF_000803265.1	1820	1	0.05	0	0.0	0.05	1819	99.95
GCA_905337335.1	8300	23	0.28	0	0.0	0.28	8277	99.72
GCA_001578225.1	13129	223	1.7	1177	8.96	10.66	11729	89.34
GCA_051942185.1	6513	442	6.79	0	0.0	6.79	6071	93.21
GCF_028827555.1	12371	183	1.48	0	0.0	1.48	12188	98.52
GCA_902713505.1	10262	55	0.54	0	0.0	0.54	10207	99.46
GCA_036872755.1	11801	2	0.02	2	0.02	0.03	11797	99.97
GCA_003268315.1	9024	0	0.0	0	0.0	0.0	9024	100.0
GCF_000338955.1	10500	862	8.21	0	0.0	8.21	9638	91.79
GCA_023646375.1	9875	1502	15.21	0	0.0	15.21	8373	84.79
GCF_010093505.1	9827	358	3.64	0	0.0	3.64	9469	96.36
GCA_028828285.1	12624	155	1.23	0	0.0	1.23	12469	98.77
GCF_038362585.1	16453	240	1.46	0	0.0	1.46	16213	98.54
GCF_047715775.1	11798	88	0.75	0	0.0	0.75	11710	99.25
GCA_036971675.1	12729	4	0.03	33	0.26	0.29	12692	99.71
GCA_026026785.1	7372	122	1.65	0	0.0	1.65	7250	98.35
GCA_030413865.1	15248	336	2.2	0	0.0	2.2	14912	97.8
GCA_025528855.1	10056	431	4.29	0	0.0	4.29	9625	95.71
GCF_000223485.1	5978	470	7.86	0	0.0	7.86	5508	92.14
GCA_026319135.1	13425	128	0.95	0	0.0	0.95	13297	99.05
GCF_003184825.1	12008	424	3.53	0	0.0	3.53	11584	96.47
GCA_020726485.1	17757	857	4.83	0	0.0	4.83	16900	95.17
GCA_000825705.1	11471	0	0.0	0	0.0	0.0	11471	100.0
GCA_910890315.1	9441	64	0.68	0	0.0	0.68	9377	99.32
GCA_905066765.1	10623	27	0.25	0	0.0	0.25	10596	99.75
GCF_001723175.1	9718	0	0.0	0	0.0	0.0	9718	100.0
GCF_025118155.1	10915	815	7.47	0	0.0	7.47	10100	92.53
GCF_021901695.1	18011	106	0.59	7	0.04	0.63	17898	99.37
GCA_015657495.1	14572	953	6.54	0	0.0	6.54	13619	93.46
GCA_025201375.1	11000	502	4.56	0	0.0	4.56	10498	95.44
GCF_042370955.1	9482	625	6.59	0	0.0	6.59	8857	93.41
GCA_029531795.1	14174	34	0.24	26	0.18	0.42	14114	99.58
GCA_025602905.1	10962	641	5.85	0	0.0	5.85	10321	94.15
GCA_007821475.1	9594	859	8.95	0	0.0	8.95	8735	91.05
GCA_013396025.1	14160	146	1.03	0	0.0	1.03	14014	98.97
GCF_001477545.1	3646	19	0.52	0	0.0	0.52	3627	99.48
GCF_011074885.1	5243	3	0.06	0	0.0	0.06	5240	99.94
GCA_003097675.1	7385	464	6.28	0	0.0	6.28	6921	93.72
GCA_027946515.1	10250	2	0.02	0	0.0	0.02	10248	99.98
GCA_030247915.1	10924	308	2.82	0	0.0	2.82	10616	97.18
GCF_001653235.2	14204	0	0.0	0	0.0	0.0	14204	100.0
GCA_025688805.1	9890	97	0.98	0	0.0	0.98	9793	99.02
GCA_025201805.1	12268	1006	8.2	0	0.0	8.2	11262	91.8
GCF_013402915.1	5045	18	0.36	0	0.0	0.36	5027	99.64
GCA_029378255.1	34056	3989	11.71	0	0.0	11.71	30067	88.29
GCA_022495195.1	12640	60	0.47	0	0.0	0.47	12580	99.53
GCA_052084505.1	11096	26	0.23	0	0.0	0.23	11070	99.77
GCA_051805495.1	6267	11	0.18	0	0.0	0.18	6256	99.82
GCF_019207475.1	5441	9	0.17	0	0.0	0.17	5432	99.83
GCA_025766275.1	16552	1517	9.17	0	0.0	9.17	15035	90.83
GCA_029378245.1	26379	2024	7.67	0	0.0	7.67	24355	92.33
GCA_011058895.1	11640	172	1.48	0	0.0	1.48	11468	98.52
GCA_015698045.1	32541	0	0.0	0	0.0	0.0	32541	100.0
GCF_027942845.1	11830	30	0.25	0	0.0	0.25	11800	99.75
GCF_001632365.1	13744	1137	8.27	0	0.0	8.27	12607	91.73
GCA_051941225.1	8053	95	1.18	0	0.0	1.18	7958	98.82
GCA_001632345.1	12192	626	5.13	0	0.0	5.13	11566	94.87
GCA_900079185.1	14891	274	1.84	0	0.0	1.84	14617	98.16
GCA_012184295.1	10528	0	0.0	0	0.0	0.0	10528	100.0
GCF_010093815.1	11218	320	2.85	0	0.0	2.85	10898	97.15
GCF_003724135.2	9430	111	1.18	0	0.0	1.18	9319	98.82
GCF_003711515.1	9404	264	2.81	0	0.0	2.81	9140	97.19
GCA_903853725.1	9835	1844	18.75	0	0.0	18.75	7991	81.25
GCF_028829465.1	12167	212	1.74	0	0.0	1.74	11955	98.26
GCF_020360975.1	12058	3	0.02	0	0.0	0.02	12055	99.98
GCF_030913505.1	15209	543	3.57	0	0.0	3.57	14666	96.43
GCA_022813865.1	7789	156	2.0	0	0.0	2.0	7633	98.0
GCF_900007245.1	6179	21	0.34	0	0.0	0.34	6158	99.66
GCF_000151355.1	15708	1135	7.23	0	0.0	7.23	14573	92.77
GCA_001574975.1	13831	854	6.17	0	0.0	6.17	12977	93.83
GCF_030549165.1	14967	1245	8.32	0	0.0	8.32	13722	91.68
GCA_013368375.1	10603	8	0.08	0	0.0	0.08	10595	99.92
GCF_021015755.1	14078	1086	7.71	0	0.0	7.71	12992	92.29
GCF_023758085.1	11036	19	0.17	0	0.0	0.17	11017	99.83
GCF_012550715.1	7854	410	5.22	0	0.0	5.22	7444	94.78
GCA_022813905.1	9650	196	2.03	0	0.0	2.03	9454	97.97
GCA_002873125.1	26323	740	2.81	0	0.0	2.81	25583	97.19
GCA_042366435.1	10423	11	0.11	0	0.0	0.11	10412	99.89
GCF_001640025.1	5128	0	0.0	0	0.0	0.0	5128	100.0
GCA_024663395.1	16911	1912	11.31	0	0.0	11.31	14999	88.69
GCF_022830035.1	6833	24	0.35	0	0.0	0.35	6809	99.65
GCA_027604605.1	11278	2511	22.26	0	0.0	22.26	8767	77.74
GCF_024244105.1	2523	16	0.63	0	0.0	0.63	2507	99.37
GCF_947243775.1	5607	4	0.07	0	0.0	0.07	5603	99.93
GCA_000732775.1	10706	407	3.8	0	0.0	3.8	10299	96.2
GCF_017499595.1	13330	46	0.35	0	0.0	0.35	13284	99.65
GCA_016758905.1	9033	951	10.53	0	0.0	10.53	8082	89.47
GCA_026025805.1	6437	116	1.8	0	0.0	1.8	6321	98.2
GCA_000465215.2	8711	0	0.0	0	0.0	0.0	8711	100.0
GCF_003025115.1	9735	717	7.37	0	0.0	7.37	9018	92.63
GCA_009982845.1	10337	484	4.68	0	0.0	4.68	9853	95.32
GCA_029448575.1	25809	2497	9.67	0	0.0	9.67	23312	90.33
GCF_011075155.1	13419	3	0.02	0	0.0	0.02	13416	99.98
GCA_003795295.1	10072	2	0.02	0	0.0	0.02	10070	99.98
GCA_041956515.1	7355	0	0.0	0	0.0	0.0	7355	100.0
GCF_000516985.1	15413	0	0.0	0	0.0	0.0	15413	100.0
GCF_000185945.1	6575	10	0.15	0	0.0	0.15	6565	99.85
GCF_000026365.1	4991	0	0.0	0	0.0	0.0	4991	100.0
GCA_002105135.1	11121	565	5.08	0	0.0	5.08	10556	94.92
GCA_029282125.1	25095	2142	8.54	0	0.0	8.54	22953	91.46
GCA_030435815.1	10017	35	0.35	0	0.0	0.35	9982	99.65
GCA_050403325.1	7699	201	2.61	0	0.0	2.61	7498	97.39
GCA_050402905.1	8025	150	1.87	0	0.0	1.87	7875	98.13
GCA_002591415.1	8171	0	0.0	0	0.0	0.0	8171	100.0
GCF_038497785.1	6067	128	2.11	0	0.0	2.11	5939	97.89
GCA_047715815.1	11686	133	1.14	0	0.0	1.14	11553	98.86
GCA_013054445.1	15765	0	0.0	0	0.0	0.0	15765	100.0
GCA_010093785.1	10582	683	6.45	0	0.0	6.45	9899	93.55
GCF_002847465.1	11434	318	2.78	0	0.0	2.78	11116	97.22
GCF_000281105.1	9308	48	0.52	0	0.0	0.52	9260	99.48
GCF_038362705.1	15187	205	1.35	0	0.0	1.35	14982	98.65
GCF_000187245.1	5325	0	0.0	0	0.0	0.0	5325	100.0
GCA_041956715.1	6881	4	0.06	0	0.0	0.06	6877	99.94
GCF_019915245.1	13672	16	0.12	0	0.0	0.12	13656	99.88
GCA_010583015.1	13684	853	6.23	0	0.0	6.23	12831	93.77
GCF_000349305.1	3517	199	5.66	0	0.0	5.66	3318	94.34
GCA_003426235.1	12349	224	1.81	0	0.0	1.81	12125	98.19
GCA_001014755.1	8562	530	6.19	0	0.0	6.19	8032	93.81
GCA_003698175.1	16485	461	2.8	0	0.0	2.8	16024	97.2
GCA_026026795.1	7744	193	2.49	0	0.0	2.49	7551	97.51
GCF_001661265.1	7023	595	8.47	0	0.0	8.47	6428	91.53
GCA_018360045.1	7917	239	3.02	0	0.0	3.02	7678	96.98
GCA_018902385.1	10217	10	0.1	0	0.0	0.1	10207	99.9
GCA_025094155.1	12055	927	7.69	0	0.0	7.69	11128	92.31
GCA_044048675.1	12858	131	1.02	0	0.0	1.02	12727	98.98
GCA_051942145.1	8904	134	1.5	0	0.0	1.5	8770	98.5
GCF_000151425.1	10418	49	0.47	412	3.95	4.43	9957	95.57
GCA_006535975.1	10712	336	3.14	0	0.0	3.14	10376	96.86
GCA_022497145.1	11165	73	0.65	0	0.0	0.65	11092	99.35
GCA_015179045.1	15188	1334	8.78	0	0.0	8.78	13854	91.22
GCA_029339225.1	9342	10	0.11	0	0.0	0.11	9332	99.89
GCF_001773325.1	12200	308	2.52	0	0.0	2.52	11892	97.48
GCF_001661345.1	6787	1034	15.24	0	0.0	15.24	5753	84.76
GCF_000349005.2	3623	35	0.97	0	0.0	0.97	3588	99.03
GCA_051403495.1	10545	26	0.25	0	0.0	0.25	10519	99.75
GCA_050948025.1	13063	136	1.04	0	0.0	1.04	12927	98.96
GCA_014235945.1	16153	247	1.53	0	0.0	1.53	15906	98.47
GCA_001636715.1	6442	0	0.0	0	0.0	0.0	6442	100.0
GCA_025349905.2	9427	897	9.52	0	0.0	9.52	8530	90.48
GCA_022376525.1	12674	1160	9.15	0	0.0	9.15	11514	90.85
GCF_014461135.1	13735	0	0.0	0	0.0	0.0	13735	100.0
GCA_014805555.1	2865	148	5.17	0	0.0	5.17	2717	94.83
GCA_902713525.1	12657	145	1.15	0	0.0	1.15	12512	98.85
GCF_009556855.1	9994	1	0.01	0	0.0	0.01	9993	99.99
GCA_000151295.1	19447	279	1.43	190	0.98	2.41	18978	97.59
GCF_001481775.2	11171	152	1.36	0	0.0	1.36	11019	98.64
GCA_000832265.1	11857	1015	8.56	0	0.0	8.56	10842	91.44
GCA_023645825.1	8114	137	1.69	0	0.0	1.69	7977	98.31
GCF_000507465.2	8516	0	0.0	0	0.0	0.0	8516	100.0
GCF_028827405.1	12343	210	1.7	0	0.0	1.7	12133	98.3
GCA_040256855.1	4366	0	0.0	0	0.0	0.0	4366	100.0
GCF_024610275.1	5405	49	0.91	0	0.0	0.91	5356	99.09
GCA_051941705.1	7604	1016	13.36	0	0.0	13.36	6588	86.64
GCA_003946995.1	17740	417	2.35	0	0.0	2.35	17323	97.65
GCA_045784785.1	13761	139	1.01	0	0.0	1.01	13622	98.99
GCA_025201365.1	8032	493	6.14	0	0.0	6.14	7539	93.86
GCA_001708105.1	5057	0	0.0	10	0.2	0.2	5047	99.8
GCA_001050175.1	9062	0	0.0	0	0.0	0.0	9062	100.0
GCF_000002515.2	5085	0	0.0	0	0.0	0.0	5085	100.0
GCA_045785125.1	14761	101	0.68	0	0.0	0.68	14660	99.32
GCA_042604555.1	16562	461	2.78	0	0.0	2.78	16101	97.22
GCA_024364755.1	7847	228	2.91	0	0.0	2.91	7619	97.09
GCA_900000165.1	8022	35	0.44	0	0.0	0.44	7987	99.56
GCF_022114955.1	8523	42	0.49	0	0.0	0.49	8481	99.51
GCF_001642055.1	13466	464	3.45	0	0.0	3.45	13002	96.55
GCA_013266185.1	14827	215	1.45	0	0.0	1.45	14612	98.55
GCA_910592205.1	11385	4172	36.64	0	0.0	36.64	7213	63.36
GCA_016758765.1	19835	2001	10.09	0	0.0	10.09	17834	89.91
GCA_022376465.1	12284	420	3.42	0	0.0	3.42	11864	96.58
GCA_033439775.1	14867	346	2.33	0	0.0	2.33	14521	97.67
GCA_010405425.1	16737	1111	6.64	0	0.0	6.64	15626	93.36
GCF_033473495.1	13144	10	0.08	0	0.0	0.08	13134	99.92
GCA_022605425.2	3595	13	0.36	2	0.06	0.42	3580	99.58
GCA_022592435.1	15284	1241	8.12	0	0.0	8.12	14043	91.88
GCF_000142805.1	5092	0	0.0	0	0.0	0.0	5092	100.0
GCF_010094145.1	12378	909	7.34	0	0.0	7.34	11469	92.66
GCF_000315875.1	5687	66	1.16	0	0.0	1.16	5621	98.84
GCA_029532415.1	24462	58	0.24	0	0.0	0.24	24404	99.76
GCA_022814045.1	8529	1141	13.38	0	0.0	13.38	7388	86.62
GCA_910592005.1	16857	5671	33.64	0	0.0	33.64	11186	66.36
GCA_038087015.1	20816	85	0.41	0	0.0	0.41	20731	99.59
GCF_000002715.2	9117	18	0.2	0	0.0	0.2	9099	99.8
GCA_023645955.1	7778	1940	24.94	0	0.0	24.94	5838	75.06
GCF_036810415.1	8023	0	0.0	0	0.0	0.0	8023	100.0
GCF_018416015.2	8516	2	0.02	29	0.34	0.36	8485	99.64
GCA_026023695.1	7656	487	6.36	0	0.0	6.36	7169	93.64
GCA_963921855.1	10720	82	0.76	0	0.0	0.76	10638	99.24
GCA_033119265.1	15103	8036	53.21	0	0.0	53.21	7067	46.79
GCA_022813805.1	10250	156	1.52	0	0.0	1.52	10094	98.48
GCA_001692735.1	13861	1463	10.55	0	0.0	10.55	12398	89.45
GCA_027604105.1	11575	810	7.0	0	0.0	7.0	10765	93.0
GCA_027921425.1	12288	1366	11.12	0	0.0	11.12	10922	88.88
GCF_010093625.1	12940	822	6.35	0	0.0	6.35	12118	93.65
GCA_035135055.1	10983	72	0.66	0	0.0	0.66	10911	99.34
GCA_009299455.1	12424	5	0.04	0	0.0	0.04	12419	99.96
GCF_002849105.1	12926	432	3.34	0	0.0	3.34	12494	96.66
GCA_029747595.1	13588	0	0.0	0	0.0	0.0	13588	100.0
GCA_003610855.1	6851	291	4.25	0	0.0	4.25	6560	95.75
GCA_033297075.1	14581	780	5.35	0	0.0	5.35	13801	94.65
GCA_030868995.1	16823	726	4.32	0	0.0	4.32	16097	95.68
GCA_000344655.2	13852	1908	13.77	0	0.0	13.77	11944	86.23
GCA_025526935.1	16305	977	5.99	0	0.0	5.99	15328	94.01
GCA_040367835.1	11295	43	0.38	0	0.0	0.38	11252	99.62
GCA_019677325.2	10437	0	0.0	0	0.0	0.0	10437	100.0
GCA_020631695.1	8544	218	2.55	0	0.0	2.55	8326	97.45
GCA_910591945.1	13690	3926	28.68	0	0.0	28.68	9764	71.32
GCF_003144295.1	8026	301	3.75	0	0.0	3.75	7725	96.25
GCA_026210745.1	6977	0	0.0	0	0.0	0.0	6977	100.0
GCF_000820605.1	9091	0	0.0	0	0.0	0.0	9091	100.0
GCA_022606115.1	14980	727	4.85	0	0.0	4.85	14253	95.15
GCA_002287475.2	9930	0	0.0	0	0.0	0.0	9930	100.0
GCF_010724455.1	10293	36	0.35	0	0.0	0.35	10257	99.65
GCA_025716855.1	12814	1021	7.97	0	0.0	7.97	11793	92.03
GCA_047715575.1	10838	151	1.39	0	0.0	1.39	10687	98.61
GCA_015852425.1	12079	1462	12.1	0	0.0	12.1	10617	87.9
GCA_000827255.1	18303	2679	14.64	0	0.0	14.64	15624	85.36
GCF_010015735.1	14201	495	3.49	0	0.0	3.49	13706	96.51
GCA_004156025.2	13201	1	0.01	0	0.0	0.01	13200	99.99
GCF_001078395.1	10795	17	0.16	0	0.0	0.16	10778	99.84
GCA_033439765.1	14922	636	4.26	0	0.0	4.26	14286	95.74
GCF_016758755.1	16509	1592	9.64	0	0.0	9.64	14917	90.36
GCA_026184415.1	9102	0	0.0	0	0.0	0.0	9102	100.0
GCA_015849325.1	10312	1044	10.12	0	0.0	10.12	9268	89.88
GCA_010093925.1	21726	3167	14.58	0	0.0	14.58	18559	85.42
GCF_008629635.2	7347	0	0.0	0	0.0	0.0	7347	100.0
GCA_009193565.1	9078	137	1.51	0	0.0	1.51	8941	98.49
GCF_000836435.1	12369	25	0.2	0	0.0	0.2	12344	99.8
GCA_022813885.1	8742	190	2.17	0	0.0	2.17	8552	97.83
GCA_001048715.1	11943	0	0.0	0	0.0	0.0	11943	100.0
GCA_041956425.1	9507	4	0.04	0	0.0	0.04	9503	99.96
GCA_038367545.1	10450	529	5.06	0	0.0	5.06	9921	94.94
GCA_035926095.1	12808	0	0.0	0	0.0	0.0	12808	100.0
GCF_030913465.1	14678	472	3.22	0	0.0	3.22	14206	96.78
GCF_015039405.1	16961	1673	9.86	0	0.0	9.86	15288	90.14
GCA_013423385.1	6883	37	0.54	0	0.0	0.54	6846	99.46
GCA_030512295.1	12101	609	5.03	0	0.0	5.03	11492	94.97
GCF_000143105.1	8311	2	0.02	0	0.0	0.02	8309	99.98
GCA_017365405.1	16400	436	2.66	0	0.0	2.66	15964	97.34
GCF_000143565.1	18261	940	5.15	0	0.0	5.15	17321	94.85
GCA_022160315.1	13569	1231	9.07	0	0.0	9.07	12338	90.93
GCA_010015605.1	11835	749	6.33	0	0.0	6.33	11086	93.67
GCA_018360225.1	8618	1065	12.36	0	0.0	12.36	7553	87.64
GCA_001660665.1	8769	920	10.49	0	0.0	10.49	7849	89.51
GCA_023646055.1	8705	303	3.48	0	0.0	3.48	8402	96.52
GCA_051820595.1	12223	120	0.98	0	0.0	0.98	12103	99.02
GCF_000237345.1	5589	3	0.05	0	0.0	0.05	5586	99.95
GCA_021525775.1	18194	1687	9.27	0	0.0	9.27	16507	90.73
GCA_050403085.1	7479	530	7.09	0	0.0	7.09	6949	92.91
GCF_028828005.1	13795	237	1.72	0	0.0	1.72	13558	98.28
GCA_035928285.1	11222	88	0.78	0	0.0	0.78	11134	99.22
GCA_051819885.1	10504	74	0.7	0	0.0	0.7	10430	99.3
GCF_001636725.1	10061	1	0.01	0	0.0	0.01	10060	99.99
GCA_016647755.1	22673	2524	11.13	0	0.0	11.13	20149	88.87
GCF_001883845.1	10831	30	0.28	0	0.0	0.28	10801	99.72
GCF_028827825.1	13213	208	1.57	0	0.0	1.57	13005	98.43
GCA_051805505.1	8255	11	0.13	0	0.0	0.13	8244	99.87
GCF_047715825.1	12536	109	0.87	0	0.0	0.87	12427	99.13
GCF_028828025.1	11626	165	1.42	0	0.0	1.42	11461	98.58
GCA_024516155.1	10939	551	5.04	0	0.0	5.04	10388	94.96
GCA_028827385.1	12256	181	1.48	0	0.0	1.48	12075	98.52
GCF_000319635.2	17388	0	0.0	0	0.0	0.0	17388	100.0
GCA_027946445.1	10063	430	4.27	0	0.0	4.27	9633	95.73
GCA_902713485.1	12325	798	6.47	0	0.0	6.47	11527	93.53
GCA_051103115.1	10374	6	0.06	0	0.0	0.06	10368	99.94
GCA_040366295.1	11978	48	0.4	0	0.0	0.4	11930	99.6
GCF_010093595.1	16792	1267	7.55	0	0.0	7.55	15525	92.45
GCA_002850765.1	9689	141	1.46	0	0.0	1.46	9548	98.54
GCF_001642395.1	2278	7	0.31	0	0.0	0.31	2271	99.69
GCA_013395995.1	14088	166	1.18	0	0.0	1.18	13922	98.82
GCF_028827395.1	12337	203	1.65	0	0.0	1.65	12134	98.35
GCF_000149035.1	12019	153	1.27	0	0.0	1.27	11866	98.73
GCA_000316135.1	3212	699	21.76	0	0.0	21.76	2513	78.24
GCF_024628925.1	5528	52	0.94	0	0.0	0.94	5476	99.06
GCA_016097895.1	12120	2707	22.33	0	0.0	22.33	9413	77.67
GCA_027576935.1	6444	1389	21.55	0	0.0	21.55	5055	78.45
GCF_011745365.1	11588	1831	15.8	0	0.0	15.8	9757	84.2
GCA_014281905.1	9685	3	0.03	0	0.0	0.03	9682	99.97
GCF_000417875.1	6877	0	0.0	0	0.0	0.0	6877	100.0
GCF_016628075.1	16585	1559	9.4	0	0.0	9.4	15026	90.6
GCA_012932025.1	14502	184	1.27	0	0.0	1.27	14318	98.73
GCA_024516215.1	11663	548	4.7	0	0.0	4.7	11115	95.3
GCA_022813825.1	8445	130	1.54	0	0.0	1.54	8315	98.46
GCF_026873545.1	14574	0	0.0	0	0.0	0.0	14574	100.0
GCA_009193465.1	11292	159	1.41	0	0.0	1.41	11133	98.59
GCF_039105145.1	7145	0	0.0	0	0.0	0.0	7145	100.0
GCA_037954315.1	13207	182	1.38	0	0.0	1.38	13025	98.62
GCF_038363925.1	15411	239	1.55	0	0.0	1.55	15172	98.45
GCF_036370985.1	5205	23	0.44	0	0.0	0.44	5182	99.56
GCA_005059885.1	8778	53	0.6	0	0.0	0.6	8725	99.4
GCF_000340215.1	13060	1567	12.0	0	0.0	12.0	11493	88.0
GCA_016758945.1	11690	845	7.23	0	0.0	7.23	10845	92.77
GCA_010015705.1	12125	910	7.51	0	0.0	7.51	11215	92.49
GCA_022385635.1	13082	91	0.7	0	0.0	0.7	12991	99.3
GCA_022578505.1	14125	100	0.71	0	0.0	0.71	14025	99.29
GCA_015847235.1	11284	481	4.26	0	0.0	4.26	10803	95.74
GCA_027604005.1	10332	2130	20.62	0	0.0	20.62	8202	79.38
GCF_015533775.1	9781	1	0.01	0	0.0	0.01	9780	99.99
GCA_027945245.1	12532	28	0.22	0	0.0	0.22	12504	99.78
GCA_009193505.1	14215	119	0.84	0	0.0	0.84	14096	99.16
GCF_001889945.1	12986	302	2.33	0	0.0	2.33	12684	97.67
GCA_026025795.1	6249	434	6.95	0	0.0	6.95	5815	93.05
GCA_002104935.1	11139	848	7.61	0	0.0	7.61	10291	92.39
GCA_001563135.1	13884	122	0.88	0	0.0	0.88	13762	99.12
GCF_003357145.1	10707	0	0.0	0	0.0	0.0	10707	100.0
GCA_029168975.1	11336	120	1.06	0	0.0	1.06	11216	98.94
GCA_022695795.1	11381	114	1.0	0	0.0	1.0	11267	99.0
GCF_001638985.1	16543	1652	9.99	0	0.0	9.99	14891	90.01
GCF_026229845.1	15635	30	0.19	0	0.0	0.19	15605	99.81
GCA_003947005.1	16762	499	2.98	0	0.0	2.98	16263	97.02
GCF_013396075.1	14039	32	0.23	0	0.0	0.23	14007	99.77
GCA_027478255.1	10752	1036	9.64	0	0.0	9.64	9716	90.36
GCA_001692915.1	14277	1699	11.9	0	0.0	11.9	12578	88.1
GCA_029233265.1	32241	3078	9.55	0	0.0	9.55	29163	90.45
GCA_014298035.1	13765	733	5.33	0	0.0	5.33	13032	94.67
GCF_900519145.1	7449	0	0.0	0	0.0	0.0	7449	100.0
GCF_003184525.1	12291	425	3.46	0	0.0	3.46	11866	96.54
GCA_026023795.1	8190	1180	14.41	0	0.0	14.41	7010	85.59
GCF_010093935.1	16015	209	1.31	0	0.0	1.31	15806	98.69
GCA_013266175.1	13454	61	0.45	0	0.0	0.45	13393	99.55
GCA_022606275.1	12530	565	4.51	0	0.0	4.51	11965	95.49
GCF_003184765.1	12024	457	3.8	0	0.0	3.8	11567	96.2
GCF_000271625.1	13756	1327	9.65	0	0.0	9.65	12429	90.35
GCF_000027005.1	5040	0	0.0	0	0.0	0.0	5040	100.0
GCA_026026765.1	7721	31	0.4	0	0.0	0.4	7690	99.6
GCF_000149845.2	4878	38	0.78	0	0.0	0.78	4840	99.22
GCA_021029105.1	11356	420	3.7	0	0.0	3.7	10936	96.3
GCA_022578535.1	10913	107	0.98	0	0.0	0.98	10806	99.02
GCA_015679585.1	11820	2200	18.61	0	0.0	18.61	9620	81.39
GCA_010405375.1	16158	901	5.58	0	0.0	5.58	15257	94.42
GCF_014595645.1	15761	14	0.09	0	0.0	0.09	15747	99.91
GCA_002382855.1	11231	0	0.0	0	0.0	0.0	11231	100.0
GCA_023646635.1	8910	592	6.64	0	0.0	6.64	8318	93.36
GCF_000835455.1	12527	10	0.08	0	0.0	0.08	12517	99.92
GCF_002104995.1	9350	948	10.14	0	0.0	10.14	8402	89.86
GCA_022813845.1	8871	145	1.63	0	0.0	1.63	8726	98.37
GCA_027604065.1	8647	1573	18.19	0	0.0	18.19	7074	81.81
GCF_000804445.1	8472	0	0.0	0	0.0	0.0	8472	100.0
GCA_005059865.1	13766	2006	14.57	0	0.0	14.57	11760	85.43
GCA_011057905.1	10964	0	0.0	0	0.0	0.0	10964	100.0
GCF_024610245.1	5820	19	0.33	0	0.0	0.33	5801	99.67
GCA_905337325.1	11130	301	2.7	0	0.0	2.7	10829	97.3
GCF_028827665.1	10111	148	1.46	0	0.0	1.46	9963	98.54
GCA_015179035.1	10591	678	6.4	0	0.0	6.4	9913	93.6
GCF_010093535.1	15947	1159	7.27	0	0.0	7.27	14788	92.73
GCA_024244595.1	9101	4997	54.91	0	0.0	54.91	4104	45.09
GCA_022496965.1	11873	67	0.56	0	0.0	0.56	11806	99.44
GCA_051941545.1	8294	1096	13.21	0	0.0	13.21	7198	86.79
GCA_002918395.1	6859	2597	37.86	0	0.0	37.86	4262	62.14
GCA_015178965.1	12046	871	7.23	0	0.0	7.23	11175	92.77
GCA_003615045.1	6168	1416	22.96	0	0.0	22.96	4752	77.04
GCA_042186575.1	10380	1	0.01	0	0.0	0.01	10379	99.99
GCF_000315915.1	5388	11	0.2	0	0.0	0.2	5377	99.8
GCA_022606195.1	12346	408	3.3	0	0.0	3.3	11938	96.7
GCA_024741835.1	9663	248	2.57	0	0.0	2.57	9415	97.43
GCA_027579375.1	6344	219	3.45	0	0.0	3.45	6125	96.55
GCA_037176845.1	18828	271	1.44	0	0.0	1.44	18557	98.56
GCA_028828875.1	10633	157	1.48	0	0.0	1.48	10476	98.52
GCA_027604185.1	7605	285	3.75	0	0.0	3.75	7320	96.25
GCA_018360135.1	8092	1004	12.41	0	0.0	12.41	7088	87.59
GCA_910591835.1	18394	10250	55.72	0	0.0	55.72	8144	44.28
GCA_020746835.1	14924	436	2.92	0	0.0	2.92	14488	97.08
GCA_025201345.1	13090	942	7.2	0	0.0	7.2	12148	92.8
GCA_018360055.1	7818	192	2.46	0	0.0	2.46	7626	97.54
GCA_050402985.1	9765	496	5.08	0	0.0	5.08	9269	94.92
GCA_021527035.1	11612	726	6.25	0	0.0	6.25	10886	93.75
GCF_028828155.1	13458	173	1.29	0	0.0	1.29	13285	98.71
GCA_011392555.1	9955	419	4.21	0	0.0	4.21	9536	95.79
GCF_000585585.1	9231	105	1.14	0	0.0	1.14	9126	98.86
GCF_038497795.1	5729	129	2.25	0	0.0	2.25	5600	97.75
GCA_051942365.1	7286	864	11.86	0	0.0	11.86	6422	88.14
GCA_017357885.1	9388	58	0.62	0	0.0	0.62	9330	99.38
GCF_010015585.1	9874	773	7.83	0	0.0	7.83	9101	92.17
GCA_004325065.1	4658	0	0.0	0	0.0	0.0	4658	100.0
GCF_041260175.1	9031	1	0.01	0	0.0	0.01	9030	99.99
GCA_004802695.1	8701	561	6.45	0	0.0	6.45	8140	93.55
GCA_001883825.1	8950	271	3.03	0	0.0	3.03	8679	96.97
GCA_000350065.2	13253	0	0.0	0	0.0	0.0	13253	100.0
GCA_045999785.1	11476	46	0.4	0	0.0	0.4	11430	99.6
GCF_002117355.1	12539	1462	11.66	0	0.0	11.66	11077	88.34
GCA_051819845.1	9660	93	0.96	0	0.0	0.96	9567	99.04
GCA_001937105.1	10310	243	2.36	0	0.0	2.36	10067	97.64
GCF_001661395.1	5996	464	7.74	0	0.0	7.74	5532	92.26
GCF_024043165.1	10979	36	0.33	0	0.0	0.33	10943	99.67
GCA_051941685.1	7609	107	1.41	0	0.0	1.41	7502	98.59
GCA_013365045.1	5168	11	0.21	0	0.0	0.21	5157	99.79
GCA_003325435.1	15894	3102	19.52	0	0.0	19.52	12792	80.48
GCA_011800875.2	21450	4638	21.62	1	0.0	21.63	16811	78.37
GCF_003290485.1	4406	0	0.0	0	0.0	0.0	4406	100.0
GCA_052059115.1	7714	1055	13.68	0	0.0	13.68	6659	86.32
GCA_051820575.1	11912	133	1.12	0	0.0	1.12	11779	98.88
GCF_028974065.1	11023	151	1.37	0	0.0	1.37	10872	98.63
GCA_042464665.1	12479	43	0.34	0	0.0	0.34	12436	99.66
GCA_050403285.1	7165	467	6.52	0	0.0	6.52	6698	93.48
GCF_000293215.1	8311	0	0.0	0	0.0	0.0	8311	100.0
GCF_000277815.2	1928	0	0.0	0	0.0	0.0	1928	100.0
GCA_047715755.1	12183	228	1.87	0	0.0	1.87	11955	98.13
GCA_027579765.1	9128	9128	100.0	0	0.0	100.0	0	0.0
GCA_001578235.1	12632	218	1.73	663	5.25	6.97	11751	93.03
GCA_028828275.1	13411	156	1.16	0	0.0	1.16	13255	98.84
GCF_001761485.1	7918	0	0.0	0	0.0	0.0	7918	100.0
GCA_004681135.1	11007	801	7.28	0	0.0	7.28	10206	92.72
GCA_000827205.1	13617	974	7.15	0	0.0	7.15	12643	92.85
GCA_002938385.1	16222	1828	11.27	0	0.0	11.27	14394	88.73
GCA_963923935.1	6636	103	1.55	0	0.0	1.55	6533	98.45
GCA_001632375.1	26690	3056	11.45	0	0.0	11.45	23634	88.55
GCA_038363885.1	15304	231	1.51	0	0.0	1.51	15073	98.49
GCF_047715665.1	13537	154	1.14	0	0.0	1.14	13383	98.86
GCA_040822045.1	16510	16	0.1	11	0.07	0.16	16483	99.84
GCA_030039265.1	9284	103	1.11	0	0.0	1.11	9181	98.89
GCF_028826775.1	12143	210	1.73	0	0.0	1.73	11933	98.27
GCA_002104945.1	10978	1277	11.63	0	0.0	11.63	9701	88.37
GCA_022376545.1	11864	912	7.69	0	0.0	7.69	10952	92.31
GCF_001890725.1	12433	321	2.58	0	0.0	2.58	12112	97.42
GCA_002938375.1	15936	1562	9.8	0	0.0	9.8	14374	90.2
GCA_900162835.1	6682	25	0.37	0	0.0	0.37	6657	99.63
GCA_030142185.1	12921	198	1.53	0	0.0	1.53	12723	98.47
GCA_010093745.1	7568	692	9.14	0	0.0	9.14	6876	90.86
GCA_002591395.1	7618	0	0.0	0	0.0	0.0	7618	100.0
GCA_963556695.1	14754	99	0.67	0	0.0	0.67	14655	99.33
GCA_002234965.2	9223	118	1.28	0	0.0	1.28	9105	98.72
GCA_900010015.1	9297	1375	14.79	0	0.0	14.79	7922	85.21
GCA_027575805.1	6297	368	5.84	0	0.0	5.84	5929	94.16
GCA_051624525.1	8697	106	1.22	0	0.0	1.22	8591	98.78
GCF_016861625.1	12662	9	0.07	0	0.0	0.07	12653	99.93
GCA_013368315.1	18803	36	0.19	0	0.0	0.19	18767	99.81
GCA_900074715.1	5088	92	1.81	0	0.0	1.81	4996	98.19
GCA_046718465.1	10194	464	4.55	0	0.0	4.55	9730	95.45
GCF_028827145.1	11702	164	1.4	0	0.0	1.4	11538	98.6
GCF_001329695.1	7225	887	12.28	0	0.0	12.28	6338	87.72
GCF_000151505.1	8017	393	4.9	0	0.0	4.9	7624	95.1
GCA_023101225.1	15320	2	0.01	0	0.0	0.01	15318	99.99
GCA_003344505.1	11977	182	1.52	0	0.0	1.52	11795	98.48
GCA_051941165.1	8013	86	1.07	0	0.0	1.07	7927	98.93
GCA_910592285.1	37045	32513	87.77	0	0.0	87.77	4532	12.23
GCA_020744425.1	21303	1299	6.1	0	0.0	6.1	20004	93.9
GCA_000827265.1	22046	2336	10.6	0	0.0	10.6	19710	89.4
GCA_012980535.1	10953	16	0.15	0	0.0	0.15	10937	99.85
GCA_900312665.1	10469	34	0.32	0	0.0	0.32	10435	99.68
GCF_000235365.1	4432	1	0.02	0	0.0	0.02	4431	99.98
GCA_001882365.1	14197	1799	12.67	0	0.0	12.67	12398	87.33
GCA_004802705.1	10523	363	3.45	0	0.0	3.45	10160	96.55
GCF_000204055.1	16263	882	5.42	0	0.0	5.42	15381	94.58
GCA_003614145.1	4301	1191	27.69	0	0.0	27.69	3110	72.31
GCA_032433595.1	12844	228	1.78	0	0.0	1.78	12616	98.22
GCF_000365165.1	10373	65	0.63	0	0.0	0.63	10308	99.37
GCF_038021145.1	10290	335	3.26	0	0.0	3.26	9955	96.74
GCA_030805415.1	6722	6	0.09	0	0.0	0.09	6716	99.91
GCA_050403025.1	9311	247	2.65	0	0.0	2.65	9064	97.35
GCA_020736575.1	16644	736	4.42	0	0.0	4.42	15908	95.58
GCA_025331445.1	11686	911	7.8	0	0.0	7.8	10775	92.2
GCA_010093685.1	16026	1083	6.76	0	0.0	6.76	14943	93.24
GCF_000006445.2	6286	0	0.0	0	0.0	0.0	6286	100.0
GCA_009193545.1	13894	144	1.04	0	0.0	1.04	13750	98.96
GCF_001642475.1	11984	0	0.0	0	0.0	0.0	11984	100.0
GCA_013758895.1	14231	126	0.89	0	0.0	0.89	14105	99.11
GCA_900074895.1	13145	1	0.01	0	0.0	0.01	13144	99.99
GCA_900323505.1	13201	0	0.0	0	0.0	0.0	13201	100.0
GCA_023646045.1	8124	113	1.39	0	0.0	1.39	8011	98.61
GCA_023646655.1	7577	1447	19.1	0	0.0	19.1	6130	80.9
GCA_010015655.1	16676	1793	10.75	0	0.0	10.75	14883	89.25
GCA_016255985.1	1201	383	31.89	0	0.0	31.89	818	68.11
GCA_001592805.2	8072	1	0.01	0	0.0	0.01	8071	99.99
GCF_041956635.1	8117	0	0.0	0	0.0	0.0	8117	100.0
GCA_027596175.1	10776	6602	61.27	0	0.0	61.27	4174	38.73
GCA_015501055.1	18562	1314	7.08	0	0.0	7.08	17248	92.92
GCF_000240135.3	13312	135	1.01	0	0.0	1.01	13177	98.99
GCA_022814155.1	8197	1490	18.18	0	0.0	18.18	6707	81.82
GCA_052058895.1	12486	439	3.52	0	0.0	3.52	12047	96.48
GCA_022385765.1	14108	889	6.3	0	0.0	6.3	13219	93.7
GCF_014066305.1	13310	0	0.0	0	0.0	0.0	13310	100.0
GCF_000338995.1	12210	792	6.49	0	0.0	6.49	11418	93.51
GCA_002573605.1	9934	127	1.28	0	0.0	1.28	9807	98.72
GCA_027602005.1	8389	152	1.81	0	0.0	1.81	8237	98.19
GCA_911197225.1	10410	19	0.18	0	0.0	0.18	10391	99.82
GCA_027627235.1	12419	0	0.0	0	0.0	0.0	12419	100.0
GCA_002980475.2	14521	182	1.25	0	0.0	1.25	14339	98.75
GCA_000697705.1	16503	1470	8.91	0	0.0	8.91	15033	91.09
GCA_004786275.1	12498	81	0.65	0	0.0	0.65	12417	99.35
GCA_051599415.1	6023	4	0.07	0	0.0	0.07	6019	99.93
GCF_023168085.1	10532	45	0.43	0	0.0	0.43	10487	99.57
GCF_003184865.1	11349	437	3.85	0	0.0	3.85	10912	96.15
GCF_001447935.2	6025	169	2.8	0	0.0	2.8	5856	97.2
GCF_036417295.1	6557	1	0.02	0	0.0	0.02	6556	99.98
GCF_025201355.1	10173	530	5.21	0	0.0	5.21	9643	94.79
GCA_025526955.1	7898	914	11.57	0	0.0	11.57	6984	88.43
GCA_014925825.1	17823	1400	7.86	0	0.0	7.86	16423	92.14
GCA_007825345.1	10312	1641	15.91	0	0.0	15.91	8671	84.09
GCA_016952355.1	11444	0	0.0	0	0.0	0.0	11444	100.0
GCA_016256075.1	6442	617	9.58	0	0.0	9.58	5825	90.42
GCA_027945595.1	14533	34	0.23	0	0.0	0.23	14499	99.77
GCA_015849335.1	11098	1660	14.96	0	0.0	14.96	9438	85.04
GCF_000091225.2	2122	0	0.0	0	0.0	0.0	2122	100.0
GCF_016861865.1	13605	17	0.12	0	0.0	0.12	13588	99.88
GCF_001661235.1	5542	577	10.41	0	0.0	10.41	4965	89.59
GCA_040143865.1	14291	32	0.22	0	0.0	0.22	14259	99.78
GCA_001661315.1	5649	707	12.52	0	0.0	12.52	4942	87.48
GCA_964275055.1	5471	44	0.8	0	0.0	0.8	5427	99.2
GCA_004154925.1	10678	0	0.0	0	0.0	0.0	10678	100.0
GCA_024244165.1	6563	2311	35.21	0	0.0	35.21	4252	64.79
GCA_002895985.1	8286	30	0.36	0	0.0	0.36	8256	99.64
GCA_024195185.1	10530	226	2.15	0	0.0	2.15	10304	97.85
GCA_000827185.1	13239	1684	12.72	0	0.0	12.72	11555	87.28
GCA_024521645.1	11098	557	5.02	0	0.0	5.02	10541	94.98
GCA_030052745.1	12540	52	0.41	0	0.0	0.41	12488	99.59
GCF_018924745.1	15044	35	0.23	12	0.08	0.31	14997	99.69
GCA_004786225.1	12315	79	0.64	0	0.0	0.64	12236	99.36
GCA_016800925.1	19348	2210	11.42	0	0.0	11.42	17138	88.58
GCF_009193645.1	13384	131	0.98	0	0.0	0.98	13253	99.02
GCA_033439795.1	10927	394	3.61	0	0.0	3.61	10533	96.39
GCF_000523435.1	12848	1197	9.32	0	0.0	9.32	11651	90.68
GCA_008692225.1	13749	1	0.01	0	0.0	0.01	13748	99.99
GCA_028011325.1	13354	814	6.1	0	0.0	6.1	12540	93.9
GCF_008065305.1	7911	0	0.0	0	0.0	0.0	7911	100.0
GCA_051227325.1	11213	859	7.66	0	0.0	7.66	10354	92.34
GCF_000002855.4	14070	577	4.1	0	0.0	4.1	13493	95.9
GCA_001263375.1	21078	3239	15.37	0	0.0	15.37	17839	84.63
GCA_027576955.1	7594	1460	19.23	0	0.0	19.23	6134	80.77
GCA_025201845.1	8382	1527	18.22	0	0.0	18.22	6855	81.78
GCA_004369085.1	14628	1343	9.18	0	0.0	9.18	13285	90.82
GCA_050403125.1	6884	384	5.58	0	0.0	5.58	6500	94.42
GCA_020310465.1	9667	622	6.43	0	0.0	6.43	9045	93.57
GCA_010093805.1	15194	1153	7.59	0	0.0	7.59	14041	92.41
GCF_018404265.1	10038	16	0.16	0	0.0	0.16	10022	99.84
GCA_027574685.1	6531	702	10.75	0	0.0	10.75	5829	89.25
GCF_026319265.1	14123	88	0.62	0	0.0	0.62	14035	99.38
GCA_910591765.1	14642	6099	41.65	0	0.0	41.65	8543	58.35
GCA_022814105.1	7741	117	1.51	0	0.0	1.51	7624	98.49
GCA_910591825.1	17946	6901	38.45	0	0.0	38.45	11045	61.55
GCA_020002365.1	10739	2	0.02	0	0.0	0.02	10737	99.98
GCF_028827155.1	11664	182	1.56	0	0.0	1.56	11482	98.44
GCA_025558075.1	8713	473	5.43	0	0.0	5.43	8240	94.57
GCA_001632435.1	13154	1234	9.38	0	0.0	9.38	11920	90.62
GCA_024243955.1	2966	519	17.5	0	0.0	17.5	2447	82.5
GCA_022225965.2	11292	84	0.74	0	0.0	0.74	11208	99.26
GCA_029747585.1	19702	0	0.0	0	0.0	0.0	19702	100.0
GCA_025766305.1	7246	821	11.33	0	0.0	11.33	6425	88.67
GCA_015679605.1	10351	2229	21.53	0	0.0	21.53	8122	78.47
GCF_010015615.1	12396	466	3.76	0	0.0	3.76	11930	96.24
GCF_000182765.1	5856	31	0.53	0	0.0	0.53	5825	99.47
GCA_022495065.1	12758	91	0.71	0	0.0	0.71	12667	99.29
GCF_019049425.1	5045	31	0.61	0	0.0	0.61	5014	99.39
GCA_025769895.1	13442	1176	8.75	0	0.0	8.75	12266	91.25
GCA_052059135.1	7574	1018	13.44	0	0.0	13.44	6556	86.56
GCA_018360465.1	8322	256	3.08	0	0.0	3.08	8066	96.92
GCA_000827325.1	16702	1550	9.28	0	0.0	9.28	15152	90.72
GCA_026023875.1	10035	39	0.39	0	0.0	0.39	9996	99.61
GCA_027596845.1	13723	5386	39.25	0	0.0	39.25	8337	60.75
GCA_015680625.1	12256	567	4.63	0	0.0	4.63	11689	95.37
GCA_910592325.1	11479	8291	72.23	0	0.0	72.23	3188	27.77
GCA_029281405.1	28606	3806	13.3	0	0.0	13.3	24800	86.7
GCA_025890175.1	11490	24	0.21	0	0.0	0.21	11466	99.79
GCA_013266205.1	18126	384	2.12	0	0.0	2.12	17742	97.88
GCF_030411735.1	11400	242	2.12	0	0.0	2.12	11158	97.88
GCF_016647745.1	16397	1550	9.45	0	0.0	9.45	14847	90.55
GCA_022478815.1	10508	55	0.52	0	0.0	0.52	10453	99.48
GCF_024043145.1	11648	21	0.18	0	0.0	0.18	11627	99.82
GCF_000721755.1	10792	212	1.96	0	0.0	1.96	10580	98.04
GCA_905337355.1	11113	104	0.94	0	0.0	0.94	11009	99.06
GCA_014904945.1	11769	1252	10.64	0	0.0	10.64	10517	89.36
GCA_025399215.1	11534	955	8.28	0	0.0	8.28	10579	91.72
GCF_013368755.1	11901	282	2.37	0	0.0	2.37	11619	97.63
GCA_903819665.1	10300	2064	20.04	0	0.0	20.04	8236	79.96
GCA_050947655.1	4601	1	0.02	0	0.0	0.02	4600	99.98
GCF_002251995.1	4740	4	0.08	0	0.0	0.08	4736	99.92
GCA_001636795.1	11030	0	0.0	0	0.0	0.0	11030	100.0
GCA_003339415.1	6946	376	5.41	0	0.0	5.41	6570	94.59
GCA_023920165.1	10170	0	0.0	0	0.0	0.0	10170	100.0
GCA_010015725.1	15585	1200	7.7	0	0.0	7.7	14385	92.3
GCF_000182565.1	9422	78	0.83	145	1.54	2.37	9199	97.63
GCA_048593815.1	10753	47	0.44	0	0.0	0.44	10706	99.56
GCA_022496215.1	13996	1395	9.97	0	0.0	9.97	12601	90.03
GCA_051941805.1	7907	807	10.21	0	0.0	10.21	7100	89.79
GCA_026023565.1	9636	60	0.62	0	0.0	0.62	9576	99.38
GCA_009193525.1	13713	132	0.96	0	0.0	0.96	13581	99.04
GCA_016758965.1	14144	1706	12.06	0	0.0	12.06	12438	87.94
GCA_023646125.1	8050	104	1.29	0	0.0	1.29	7946	98.71
GCA_018858115.1	16872	3000	17.78	0	0.0	17.78	13872	82.22
GCA_002865625.1	16783	968	5.77	0	0.0	5.77	15815	94.23
GCF_028828555.1	10052	193	1.92	0	0.0	1.92	9859	98.08
GCA_004154915.1	11060	0	0.0	0	0.0	0.0	11060	100.0
GCF_004154835.1	12923	18	0.14	0	0.0	0.14	12905	99.86
GCF_041956525.1	10974	12	0.11	0	0.0	0.11	10962	99.89
GCF_008704595.1	5819	10	0.17	0	0.0	0.17	5809	99.83
GCA_002116315.1	12025	29	0.24	0	0.0	0.24	11996	99.76
GCA_033297235.1	9200	568	6.17	0	0.0	6.17	8632	93.83
GCA_002572855.1	8908	185	2.08	0	0.0	2.08	8723	97.92
GCF_003184545.1	10782	442	4.1	0	0.0	4.1	10340	95.9
GCA_004786065.1	9620	477	4.96	0	0.0	4.96	9143	95.04
GCF_003144195.1	7822	360	4.6	0	0.0	4.6	7462	95.4
GCA_015501605.1	17466	1212	6.94	0	0.0	6.94	16254	93.06
GCA_045784725.1	15210	116	0.76	0	0.0	0.76	15094	99.24
GCF_000711695.1	6805	354	5.2	0	0.0	5.2	6451	94.8
GCF_000836275.1	10347	17	0.16	346	3.34	3.51	9984	96.49
GCF_001672515.1	14651	122	0.83	0	0.0	0.83	14529	99.17
GCA_026054675.1	7578	55	0.73	0	0.0	0.73	7523	99.27
GCF_000585515.1	10118	110	1.09	0	0.0	1.09	10008	98.91
GCA_047716405.1	11055	18	0.16	0	0.0	0.16	11037	99.84
GCF_000150505.1	4986	6	0.12	0	0.0	0.12	4980	99.88
GCA_946474995.1	20094	7820	38.92	0	0.0	38.92	12274	61.08
GCF_003184755.1	12068	201	1.67	0	0.0	1.67	11867	98.33
GCA_004379715.1	14217	1032	7.26	0	0.0	7.26	13185	92.74
GCA_007825325.1	9413	965	10.25	0	0.0	10.25	8448	89.75
GCF_000836115.1	12049	10	0.08	0	0.0	0.08	12039	99.92
GCF_020536065.1	7484	60	0.8	0	0.0	0.8	7424	99.2
GCF_028974085.1	10821	214	1.98	0	0.0	1.98	10607	98.02
GCA_015178975.1	15018	1683	11.21	0	0.0	11.21	13335	88.79
GCF_028827245.1	13390	65	0.49	0	0.0	0.49	13325	99.51
GCF_900079805.1	14810	40	0.27	0	0.0	0.27	14770	99.73
GCF_000149555.1	20574	35	0.17	2688	13.07	13.24	17851	86.76
GCA_047715845.1	11644	112	0.96	0	0.0	0.96	11532	99.04
GCA_004126415.1	14703	447	3.04	0	0.0	3.04	14256	96.96
GCA_022814085.1	8469	87	1.03	0	0.0	1.03	8382	98.97
GCA_033296695.1	10752	1078	10.03	0	0.0	10.03	9674	89.97
GCA_964035595.1	23704	19	0.08	0	0.0	0.08	23685	99.92
GCF_019202705.1	6178	68	1.1	0	0.0	1.1	6110	98.9
GCF_028828085.1	11519	179	1.55	0	0.0	1.55	11340	98.45
GCA_019565615.1	13875	9	0.06	4	0.03	0.09	13862	99.91
GCA_015500005.1	10855	1893	17.44	0	0.0	17.44	8962	82.56
GCA_018257855.2	10749	15	0.14	0	0.0	0.14	10734	99.86
GCF_000344685.1	11756	1384	11.77	0	0.0	11.77	10372	88.23
GCA_011032825.1	14021	645	4.6	0	0.0	4.6	13376	95.4
GCF_036884685.1	6180	87	1.41	0	0.0	1.41	6093	98.59
GCA_002705745.1	7341	1042	14.19	0	0.0	14.19	6299	85.81
GCF_030869305.1	17330	795	4.59	0	0.0	4.59	16535	95.41
GCF_000167675.1	9118	1134	12.44	0	0.0	12.44	7984	87.56
GCA_029204335.1	45241	4734	10.46	0	0.0	10.46	40507	89.54
GCA_004916875.1	12528	140	1.12	0	0.0	1.12	12388	98.88
GCA_045791975.1	11156	94	0.84	0	0.0	0.84	11062	99.16
GCA_023646255.1	9088	821	9.03	0	0.0	9.03	8267	90.97
GCA_022343325.1	12183	551	4.52	0	0.0	4.52	11632	95.48
GCA_050403505.1	7108	341	4.8	0	0.0	4.8	6767	95.2
GCA_009733575.1	29370	3984	13.56	0	0.0	13.56	25386	86.44
GCA_029542865.1	3686	6	0.16	0	0.0	0.16	3680	99.84
GCA_000985935.1	9927	0	0.0	0	0.0	0.0	9927	100.0
GCA_014898425.1	12073	0	0.0	0	0.0	0.0	12073	100.0
GCA_042370945.1	8761	156	1.78	0	0.0	1.78	8605	98.22
GCF_028858645.1	11323	291	2.57	0	0.0	2.57	11032	97.43
GCF_034447905.1	15627	0	0.0	0	0.0	0.0	15627	100.0
GCA_002572885.1	8201	92	1.12	0	0.0	1.12	8109	98.88
GCF_028829775.1	14061	171	1.22	0	0.0	1.22	13890	98.78
GCA_014462655.1	24874	0	0.0	0	0.0	0.0	24874	100.0
GCA_000385875.2	3598	747	20.76	0	0.0	20.76	2851	79.24
GCA_022432525.1	10546	63	0.6	0	0.0	0.6	10483	99.4
GCF_000181695.2	4278	17	0.4	0	0.0	0.4	4261	99.6
GCF_000003125.1	13250	112	0.85	238	1.8	2.64	12900	97.36
GCA_051942385.1	7649	618	8.08	0	0.0	8.08	7031	91.92
GCA_021029095.1	14792	1160	7.84	0	0.0	7.84	13632	92.16
GCF_023758025.1	10976	27	0.25	0	0.0	0.25	10949	99.75
GCF_035658355.1	7879	0	0.0	0	0.0	0.0	7879	100.0
GCF_035222275.1	11053	104	0.94	0	0.0	0.94	10949	99.06
GCA_004000155.1	3013	0	0.0	0	0.0	0.0	3013	100.0
GCF_014636115.1	5485	6	0.11	0	0.0	0.11	5479	99.89
GCA_051599425.1	6497	15	0.23	0	0.0	0.23	6482	99.77
GCA_018282005.1	9451	1098	11.62	0	0.0	11.62	8353	88.38
GCA_028829675.1	12216	169	1.38	0	0.0	1.38	12047	98.62
GCA_002104985.1	16987	1498	8.82	0	0.0	8.82	15489	91.18
GCA_021525015.1	20825	2046	9.82	0	0.0	9.82	18779	90.18
GCA_029281795.1	30218	2951	9.77	0	0.0	9.77	27267	90.23
GCF_030867565.1	17065	693	4.06	0	0.0	4.06	16372	95.94
GCA_900073065.1	20173	39	0.19	0	0.0	0.19	20134	99.81
GCF_028829765.1	13502	246	1.82	0	0.0	1.82	13256	98.18
GCA_911693285.1	13647	305	2.23	0	0.0	2.23	13342	97.77
GCA_900208305.1	6868	0	0.0	0	0.0	0.0	6868	100.0
GCF_000170995.1	12383	1584	12.79	0	0.0	12.79	10799	87.21
GCF_022695815.1	11345	130	1.15	0	0.0	1.15	11215	98.85
GCA_046529785.1	13726	6	0.04	0	0.0	0.04	13720	99.96
GCF_021365285.1	13586	400	2.94	0	0.0	2.94	13186	97.06
GCF_000280035.1	1831	0	0.0	0	0.0	0.0	1831	100.0
GCA_022813615.2	11220	52	0.46	0	0.0	0.46	11168	99.54
GCF_010111755.1	5269	11	0.21	0	0.0	0.21	5258	99.79
GCA_001879275.1	13658	665	4.87	0	0.0	4.87	12993	95.13
GCF_000760515.2	3291	48	1.46	0	0.0	1.46	3243	98.54
GCA_018854895.1	15788	3850	24.39	0	0.0	24.39	11938	75.61
GCA_002072365.1	10994	202	1.84	0	0.0	1.84	10792	98.16
GCF_028827525.1	12824	251	1.96	0	0.0	1.96	12573	98.04
GCF_000182925.2	10812	9	0.08	553	5.11	5.2	10250	94.8
GCA_020102295.1	10633	87	0.82	0	0.0	0.82	10546	99.18
GCF_035222375.1	11328	101	0.89	0	0.0	0.89	11227	99.11
GCA_014839935.2	42657	555	1.3	22	0.05	1.35	42080	98.65
GCF_036872675.1	8740	0	0.0	0	0.0	0.0	8740	100.0
GCF_001720205.1	10306	74	0.72	424	4.11	4.83	9808	95.17
GCF_000721775.1	10582	1223	11.56	0	0.0	11.56	9359	88.44
GCF_021052385.1	8301	322	3.88	0	0.0	3.88	7979	96.12
GCA_044049465.1	15534	218	1.4	0	0.0	1.4	15316	98.6
GCA_015179025.1	12765	1396	10.94	0	0.0	10.94	11369	89.06
GCF_000011425.1	10455	14	0.13	0	0.0	0.13	10441	99.87
GCA_025526995.1	9359	397	4.24	0	0.0	4.24	8962	95.76
GCA_010093585.1	15879	1252	7.88	0	0.0	7.88	14627	92.12
GCA_027921405.1	12299	768	6.24	0	0.0	6.24	11531	93.76
GCA_022813785.1	9125	202	2.21	0	0.0	2.21	8923	97.79
GCF_003184925.1	12130	296	2.44	0	0.0	2.44	11834	97.56
GCA_021272945.2	9349	45	0.48	0	0.0	0.48	9304	99.52
GCA_029542765.1	4006	7	0.17	0	0.0	0.17	3999	99.83
GCA_022497155.1	12551	105	0.84	0	0.0	0.84	12446	99.16
GCA_910591965.1	28764	16366	56.9	0	0.0	56.9	12398	43.1
GCA_015251385.1	10978	7	0.06	0	0.0	0.06	10971	99.94
GCF_030869225.1	17223	655	3.8	0	0.0	3.8	16568	96.2
GCA_027627275.1	20316	0	0.0	0	0.0	0.0	20316	100.0
GCF_013340325.1	11477	0	0.0	0	0.0	0.0	11477	100.0
GCA_000814955.1	11787	0	0.0	0	0.0	0.0	11787	100.0
GCA_905071765.1	10585	68	0.64	0	0.0	0.64	10517	99.36
GCA_015680635.1	10951	4071	37.17	0	0.0	37.17	6880	62.83
GCA_002554575.1	10346	1030	9.96	0	0.0	9.96	9316	90.04
GCA_022984865.1	11420	56	0.49	0	0.0	0.49	11364	99.51
GCF_001890125.1	13219	258	1.95	0	0.0	1.95	12961	98.05
GCA_026023815.1	8063	122	1.51	0	0.0	1.51	7941	98.49
GCF_000149335.2	9910	16	0.16	27	0.27	0.43	9867	99.57
GCF_038363985.1	15232	241	1.58	0	0.0	1.58	14991	98.42
GCF_023278565.1	18280	835	4.57	0	0.0	4.57	17445	95.43
GCF_000227115.2	5546	17	0.31	0	0.0	0.31	5529	99.69
GCA_016748015.1	23936	587	2.45	0	0.0	2.45	23349	97.55
GCF_038025025.1	10694	281	2.63	0	0.0	2.63	10413	97.37
GCA_000835395.1	11120	23	0.21	278	2.5	2.71	10819	97.29
GCA_900074755.1	5254	102	1.94	0	0.0	1.94	5152	98.06
GCF_001890805.1	11254	412	3.66	0	0.0	3.66	10842	96.34
GCA_025677835.1	10779	594	5.51	0	0.0	5.51	10185	94.49
GCF_000150825.1	10237	61	0.6	0	0.0	0.6	10176	99.4
GCA_002104905.1	16110	1560	9.68	0	0.0	9.68	14550	90.32
GCA_048932585.1	9753	0	0.0	0	0.0	0.0	9753	100.0
GCF_023601865.1	11660	61	0.52	0	0.0	0.52	11599	99.48
GCA_015039465.1	20370	3225	15.83	0	0.0	15.83	17145	84.17
GCF_003144205.1	7444	704	9.46	0	0.0	9.46	6740	90.54
GCA_018360365.1	7699	956	12.42	0	0.0	12.42	6743	87.58
GCA_038497805.1	6757	209	3.09	0	0.0	3.09	6548	96.91
GCF_035610405.1	4994	0	0.0	0	0.0	0.0	4994	100.0
GCA_027627245.1	13285	0	0.0	0	0.0	0.0	13285	100.0
GCF_022496945.1	11000	81	0.74	0	0.0	0.74	10919	99.26
GCA_027579095.1	6996	3411	48.76	0	0.0	48.76	3585	51.24
GCF_000365145.1	11094	73	0.66	0	0.0	0.66	11021	99.34
GCF_900067095.1	16129	18	0.11	0	0.0	0.11	16111	99.89
GCA_004786145.1	12099	54	0.45	0	0.0	0.45	12045	99.55
GCA_015852385.1	11687	1384	11.84	0	0.0	11.84	10303	88.16
GCF_028829755.1	12720	169	1.33	0	0.0	1.33	12551	98.67
GCA_022160335.1	12421	720	5.8	0	0.0	5.8	11701	94.2
GCA_022385755.1	11835	682	5.76	0	0.0	5.76	11153	94.24
GCA_027579115.1	5915	268	4.53	0	0.0	4.53	5647	95.47
GCA_014805705.1	4599	451	9.81	0	0.0	9.81	4148	90.19
GCF_029851405.1	13016	23	0.18	0	0.0	0.18	12993	99.82
GCF_028828495.1	11255	189	1.68	0	0.0	1.68	11066	98.32
GCA_016098105.1	8361	532	6.36	0	0.0	6.36	7829	93.64
GCF_000002495.2	12989	259	1.99	49	0.38	2.37	12681	97.63
GCA_003019895.1	11314	686	6.06	0	0.0	6.06	10628	93.94
GCA_050495715.1	5517	247	4.48	0	0.0	4.48	5270	95.52
GCA_009982855.1	12467	1783	14.3	0	0.0	14.3	10684	85.7
GCF_000709125.1	13118	591	4.51	0	0.0	4.51	12527	95.49
GCA_025677815.1	14494	885	6.11	0	0.0	6.11	13609	93.89
GCA_015584075.1	14877	1174	7.89	0	0.0	7.89	13703	92.11
GCA_051941505.1	8040	766	9.53	0	0.0	9.53	7274	90.47
GCF_020726555.1	12871	356	2.77	0	0.0	2.77	12515	97.23
GCA_002022785.1	11255	0	0.0	0	0.0	0.0	11255	100.0
GCA_013368555.1	15320	32	0.21	0	0.0	0.21	15288	99.79
GCA_024114885.1	13096	0	0.0	0	0.0	0.0	13096	100.0
GCA_042464655.1	10883	20	0.18	0	0.0	0.18	10863	99.82
GCA_000956045.1	12700	0	0.0	0	0.0	0.0	12700	100.0
GCA_027604685.1	9112	791	8.68	0	0.0	8.68	8321	91.32
GCA_013266195.1	10733	184	1.71	0	0.0	1.71	10549	98.29
GCA_910592135.1	19906	15102	75.87	0	0.0	75.87	4804	24.13
GCA_024244615.1	7660	2436	31.8	0	0.0	31.8	5224	68.2
GCA_030867245.1	15169	527	3.47	0	0.0	3.47	14642	96.53
GCF_022578975.1	11996	61	0.51	0	0.0	0.51	11935	99.49
GCF_020137385.1	13182	512	3.88	0	0.0	3.88	12670	96.12
GCF_000303195.2	12445	112	0.9	0	0.0	0.9	12333	99.1
GCF_000938715.1	5113	63	1.23	0	0.0	1.23	5050	98.77
GCA_943733655.1	5877	57	0.97	0	0.0	0.97	5820	99.03
GCA_014621425.1	13745	0	0.0	0	0.0	0.0	13745	100.0
GCA_018360215.1	8314	284	3.42	0	0.0	3.42	8030	96.58
GCF_022264815.1	12986	632	4.87	0	0.0	4.87	12354	95.13
GCA_002006685.2	10867	17	0.16	0	0.0	0.16	10850	99.84
GCF_001792695.1	12262	348	2.84	0	0.0	2.84	11914	97.16
GCA_042370635.1	9392	306	3.26	0	0.0	3.26	9086	96.74
GCF_003184745.1	12010	429	3.57	0	0.0	3.57	11581	96.43
GCA_003788565.2	17876	1105	6.18	0	0.0	6.18	16771	93.82
GCA_051312685.1	9533	0	0.0	0	0.0	0.0	9533	100.0
GCF_000708205.1	6838	176	2.57	0	0.0	2.57	6662	97.43
GCF_030384665.1	5630	0	0.0	0	0.0	0.0	5630	100.0
GCA_052058875.1	11777	400	3.4	0	0.0	3.4	11377	96.6
GCA_030867305.1	15325	581	3.79	0	0.0	3.79	14744	96.21
GCA_033807515.1	14978	981	6.55	0	0.0	6.55	13997	93.45
GCF_011692745.1	7016	0	0.0	0	0.0	0.0	7016	100.0
GCA_005350895.1	12172	358	2.94	0	0.0	2.94	11814	97.06
GCA_045785085.1	13879	167	1.2	0	0.0	1.2	13712	98.8
GCA_003850985.1	11224	3	0.03	0	0.0	0.03	11221	99.97
GCA_000827415.1	15245	1716	11.26	0	0.0	11.26	13529	88.74
GCA_037102785.1	5839	11	0.19	0	0.0	0.19	5828	99.81
GCA_024244195.1	6800	1966	28.91	0	0.0	28.91	4834	71.09
GCA_016695465.1	17152	2214	12.91	0	0.0	12.91	14938	87.09
GCF_001299255.1	11841	67	0.57	0	0.0	0.57	11774	99.43
GCA_022814235.1	7945	81	1.02	0	0.0	1.02	7864	98.98
GCF_044049455.1	11537	94	0.81	0	0.0	0.81	11443	99.19
GCA_027579525.1	7122	3069	43.09	0	0.0	43.09	4053	56.91
GCF_025399195.1	9923	273	2.75	0	0.0	2.75	9650	97.25
GCA_002573585.1	10224	114	1.12	0	0.0	1.12	10110	98.88
GCF_014466165.1	11717	12	0.1	0	0.0	0.1	11705	99.9
GCA_027577015.1	6829	2064	30.22	0	0.0	30.22	4765	69.78
GCA_023645845.1	8998	121	1.34	0	0.0	1.34	8877	98.66
GCF_010093885.1	12556	841	6.7	0	0.0	6.7	11715	93.3
GCA_900102585.1	10587	0	0.0	0	0.0	0.0	10587	100.0
GCF_042764415.1	7595	4	0.05	0	0.0	0.05	7591	99.95
GCA_027579315.1	7109	3304	46.48	0	0.0	46.48	3805	53.52
GCA_022496185.1	10515	920	8.75	0	0.0	8.75	9595	91.25
GCF_907166805.1	12226	5	0.04	0	0.0	0.04	12221	99.96
GCA_004918325.1	4115	78	1.9	0	0.0	1.9	4037	98.1
GCA_000986645.1	7761	514	6.62	0	0.0	6.62	7247	93.38
GCA_900074745.1	5110	56	1.1	0	0.0	1.1	5054	98.9
GCA_025769875.1	12153	1140	9.38	0	0.0	9.38	11013	90.62
GCF_000151645.1	7420	13	0.18	0	0.0	0.18	7407	99.82
GCF_036884675.1	6180	84	1.36	0	0.0	1.36	6096	98.64
GCA_018360205.1	8165	392	4.8	0	0.0	4.8	7773	95.2
GCF_036630325.1	3161	0	0.0	0	0.0	0.0	3161	100.0
GCA_041956455.1	10628	1	0.01	0	0.0	0.01	10627	99.99
GCF_001831195.1	14452	705	4.88	0	0.0	4.88	13747	95.12
GCF_000150735.1	8390	14	0.17	0	0.0	0.17	8376	99.83
GCA_051820675.1	13295	84	0.63	0	0.0	0.63	13211	99.37
GCF_014235925.2	15733	93	0.59	0	0.0	0.59	15640	99.41
GCA_002760635.1	15478	0	0.0	0	0.0	0.0	15478	100.0
GCA_013305805.1	4730	16	0.34	0	0.0	0.34	4714	99.66
GCA_000827315.1	21524	2300	10.69	0	0.0	10.69	19224	89.31
GCA_000151175.1	8676	137	1.58	0	0.0	1.58	8539	98.42
GCA_051820635.1	11803	141	1.19	0	0.0	1.19	11662	98.81
GCF_000225605.1	9651	0	0.0	0	0.0	0.0	9651	100.0
GCF_001417885.1	4952	0	0.0	0	0.0	0.0	4952	100.0
GCA_016098165.1	10186	1224	12.02	0	0.0	12.02	8962	87.98
GCF_020623625.1	5026	26	0.52	0	0.0	0.52	5000	99.48
GCF_002847045.1	9639	112	1.16	0	0.0	1.16	9527	98.84
GCF_000512585.2	9111	0	0.0	0	0.0	0.0	9111	100.0
GCF_012971845.1	13054	32	0.25	0	0.0	0.25	13022	99.75
GCF_033297405.1	11935	611	5.12	0	0.0	5.12	11324	94.88
GCF_010015565.1	10297	737	7.16	0	0.0	7.16	9560	92.84
GCF_017655625.1	5743	18	0.31	0	0.0	0.31	5725	99.69
GCA_050947745.1	9270	8	0.09	0	0.0	0.09	9262	99.91
GCA_002104895.1	12833	1284	10.01	0	0.0	10.01	11549	89.99
GCF_000275845.1	12275	1383	11.27	0	0.0	11.27	10892	88.73
GCA_012932015.1	14081	92	0.65	0	0.0	0.65	13989	99.35
GCA_022814215.1	12073	409	3.39	0	0.0	3.39	11664	96.61
GCF_003025095.1	14090	656	4.66	0	0.0	4.66	13434	95.34
GCF_016647785.1	18510	1922	10.38	0	0.0	10.38	16588	89.62
GCA_030411845.1	9242	105	1.14	0	0.0	1.14	9137	98.86
GCF_025766255.1	13989	1249	8.93	0	0.0	8.93	12740	91.07
GCA_001929475.1	5579	487	8.73	24	0.43	9.16	5068	90.84
GCF_028009165.1	12961	0	0.0	0	0.0	0.0	12961	100.0
GCF_000687475.1	8297	1	0.01	0	0.0	0.01	8296	99.99
GCA_900074725.1	5162	68	1.32	0	0.0	1.32	5094	98.68
GCA_039105305.1	15721	76	0.48	0	0.0	0.48	15645	99.52
GCA_022225945.2	10116	69	0.68	0	0.0	0.68	10047	99.32
GCF_033439085.1	11448	217	1.9	0	0.0	1.9	11231	98.1
GCA_003547095.1	28348	0	0.0	0	0.0	0.0	28348	100.0
GCF_028829455.1	11254	153	1.36	0	0.0	1.36	11101	98.64
GCA_033296905.1	12016	554	4.61	0	0.0	4.61	11462	95.39
GCA_020746995.1	12955	222	1.71	0	0.0	1.71	12733	98.29
GCA_040437605.1	19307	2853	14.78	0	0.0	14.78	16454	85.22
GCA_037176885.1	49879	4988	10.0	0	0.0	10.0	44891	90.0
GCF_024613125.1	12202	1018	8.34	0	0.0	8.34	11184	91.66
GCA_021495925.2	11222	80	0.71	0	0.0	0.71	11142	99.29
GCA_014904935.1	14167	1701	12.01	0	0.0	12.01	12466	87.99
GCF_000328475.2	6780	48	0.71	0	0.0	0.71	6732	99.29
GCF_001890705.1	13578	375	2.76	0	0.0	2.76	13203	97.24
GCF_029542925.1	3964	7	0.18	0	0.0	0.18	3957	99.82
GCF_000320585.1	13274	1926	14.51	0	0.0	14.51	11348	85.49
GCA_026025825.1	7507	102	1.36	0	0.0	1.36	7405	98.64
GCF_001661405.1	6032	558	9.25	0	0.0	9.25	5474	90.75
GCA_033439745.1	14680	658	4.48	0	0.0	4.48	14022	95.52
GCA_016695485.1	17066	2125	12.45	0	0.0	12.45	14941	87.55
GCF_016758785.1	13537	1166	8.61	0	0.0	8.61	12371	91.39
GCF_045282275.1	5179	0	0.0	0	0.0	0.0	5179	100.0
GCA_022578605.1	11860	101	0.85	0	0.0	0.85	11759	99.15
GCA_028828245.1	12299	188	1.53	0	0.0	1.53	12111	98.47
GCA_004369065.1	19814	2347	11.85	0	0.0	11.85	17467	88.15
GCA_022578855.1	11777	58	0.49	0	0.0	0.49	11719	99.51
GCF_022478825.1	10397	59	0.57	0	0.0	0.57	10338	99.43
GCA_022814125.1	9958	365	3.67	0	0.0	3.67	9593	96.33
GCA_963921875.1	9816	84	0.86	0	0.0	0.86	9732	99.14
GCF_029203305.1	5226	2	0.04	0	0.0	0.04	5224	99.96
GCA_007825375.1	8978	1839	20.48	0	0.0	20.48	7139	79.52
GCA_900106115.1	5931	30	0.51	0	0.0	0.51	5901	99.49
GCF_029542785.1	4315	6	0.14	0	0.0	0.14	4309	99.86
GCA_025594325.1	10031	43	0.43	0	0.0	0.43	9988	99.57
GCF_003184625.1	11934	243	2.04	0	0.0	2.04	11691	97.96
GCA_033296705.1	10261	431	4.2	0	0.0	4.2	9830	95.8
GCF_022376455.1	13761	1130	8.21	0	0.0	8.21	12631	91.79
GCF_004337985.1	11430	574	5.02	0	0.0	5.02	10856	94.98
GCF_003184535.1	11853	236	1.99	0	0.0	1.99	11617	98.01
GCA_027579255.1	7144	1546	21.64	0	0.0	21.64	5598	78.36
GCF_000231115.1	2239	110	4.91	0	0.0	4.91	2129	95.09
GCA_002105175.1	14915	882	5.91	0	0.0	5.91	14033	94.09
GCA_036872635.1	10433	4	0.04	30	0.29	0.33	10399	99.67
GCF_000182895.1	13356	11	0.08	0	0.0	0.08	13345	99.92
GCF_001661415.1	5885	526	8.94	0	0.0	8.94	5359	91.06
GCA_029449355.1	7470	8	0.11	0	0.0	0.11	7462	99.89
GCA_030247855.2	12559	141	1.12	0	0.0	1.12	12418	98.88
GCA_050947625.1	4159	4	0.1	0	0.0	0.1	4155	99.9
GCA_001691755.2	10357	176	1.7	0	0.0	1.7	10181	98.3
GCA_022606155.1	11943	592	4.96	0	0.0	4.96	11351	95.04
GCF_014898465.1	12086	0	0.0	0	0.0	0.0	12086	100.0
GCA_935541525.1	6013	65	1.08	0	0.0	1.08	5948	98.92
GCF_002105095.1	12564	646	5.14	0	0.0	5.14	11918	94.86
GCA_036971655.1	12451	6	0.05	19	0.15	0.2	12426	99.8
GCF_042370625.1	9216	310	3.36	0	0.0	3.36	8906	96.64
GCF_002105105.1	6722	634	9.43	0	0.0	9.43	6088	90.57
GCA_022750515.1	10414	579	5.56	0	0.0	5.56	9835	94.44
GCA_025766245.1	6859	423	6.17	0	0.0	6.17	6436	93.83
GCA_022385825.1	14731	1862	12.64	0	0.0	12.64	12869	87.36
GCF_024521655.1	10535	80	0.76	0	0.0	0.76	10455	99.24
GCF_011074865.1	4711	4	0.08	0	0.0	0.08	4707	99.92
GCA_023646075.1	9445	567	6.0	0	0.0	6.0	8878	94.0
GCA_017309325.2	9403	3	0.03	0	0.0	0.03	9400	99.97
GCA_000827475.1	17984	3934	21.88	1	0.01	21.88	14049	78.12
GCA_036320915.1	13732	848	6.18	0	0.0	6.18	12884	93.82
GCF_023757995.1	11000	33	0.3	0	0.0	0.3	10967	99.7
GCF_000226095.1	9097	440	4.84	0	0.0	4.84	8657	95.16
GCA_012656285.1	10468	2	0.02	0	0.0	0.02	10466	99.98
GCA_026027345.1	10889	194	1.78	0	0.0	1.78	10695	98.22
GCF_001625195.1	8236	0	0.0	0	0.0	0.0	8236	100.0
GCA_000193285.1	12329	972	7.88	64	0.52	8.4	11293	91.6
GCA_028828185.1	12237	174	1.42	0	0.0	1.42	12063	98.58
GCF_002105155.1	11822	716	6.06	0	0.0	6.06	11106	93.94
GCA_030247875.1	13629	27	0.2	0	0.0	0.2	13602	99.8
GCA_008704415.1	12594	727	5.77	0	0.0	5.77	11867	94.23
GCF_000209165.1	5818	842	14.47	0	0.0	14.47	4976	85.53
GCA_025999795.1	10053	9	0.09	0	0.0	0.09	10044	99.91
GCA_015499995.1	18793	1640	8.73	0	0.0	8.73	17153	91.27
GCF_035048745.1	13295	11	0.08	0	0.0	0.08	13284	99.92
GCF_000320785.1	8140	9	0.11	0	0.0	0.11	8131	99.89
GCA_003614735.1	6857	1579	23.03	0	0.0	23.03	5278	76.97
GCF_036850825.1	6071	104	1.71	0	0.0	1.71	5967	98.29
GCA_021527775.1	17477	1363	7.8	0	0.0	7.8	16114	92.2
GCA_049996435.1	2636	0	0.0	0	0.0	0.0	2636	100.0
GCA_000827465.1	19554	3331	17.03	0	0.0	17.03	16223	82.97
GCA_022606215.1	12468	542	4.35	0	0.0	4.35	11926	95.65
GCA_963692855.1	23231	4266	18.36	0	0.0	18.36	18965	81.64
GCA_000442015.1	6350	115	1.81	0	0.0	1.81	6235	98.19
GCF_000230625.1	9577	11	0.11	186	1.94	2.06	9380	97.94
GCA_001625285.1	12809	3267	25.51	0	0.0	25.51	9542	74.49
GCF_000392275.1	8834	0	0.0	0	0.0	0.0	8834	100.0
GCA_030039245.1	6621	43	0.65	0	0.0	0.65	6578	99.35
GCA_025201785.1	12544	62	0.49	0	0.0	0.49	12482	99.51
GCA_051941305.1	7779	774	9.95	0	0.0	9.95	7005	90.05
GCA_000827355.1	15376	1128	7.34	0	0.0	7.34	14248	92.66
GCA_003614705.1	12167	3510	28.85	0	0.0	28.85	8657	71.15
GCA_029542805.1	3872	8	0.21	0	0.0	0.21	3864	99.79
GCA_014235935.1	16826	438	2.6	0	0.0	2.6	16388	97.4
GCA_902728275.1	14110	774	5.49	0	0.0	5.49	13336	94.51
GCA_020884735.1	10514	35	0.33	0	0.0	0.33	10479	99.67
GCF_021821965.1	1826	2	0.11	0	0.0	0.11	1824	99.89
GCF_002237265.1	9701	185	1.91	0	0.0	1.91	9516	98.09
GCF_004353045.1	12451	35	0.28	0	0.0	0.28	12416	99.72
GCA_026937265.1	7608	1127	14.81	0	0.0	14.81	6481	85.19
GCA_007182795.1	11404	11	0.1	0	0.0	0.1	11393	99.9
GCF_000149305.1	17459	43	0.25	0	0.0	0.25	17416	99.75
GCA_016767475.1	15797	2048	12.96	0	0.0	12.96	13749	87.04
GCA_047715525.1	11359	118	1.04	0	0.0	1.04	11241	98.96
GCF_020906515.1	10002	0	0.0	105	1.05	1.05	9897	98.95
GCA_004367215.1	12292	0	0.0	0	0.0	0.0	12292	100.0
GCA_006783085.1	11848	2713	22.9	0	0.0	22.9	9135	77.1
GCF_000512565.2	8632	0	0.0	0	0.0	0.0	8632	100.0
GCA_018360175.1	8366	192	2.3	0	0.0	2.3	8174	97.7
GCF_038363865.1	15453	244	1.58	0	0.0	1.58	15209	98.42
GCF_028827265.1	10999	178	1.62	0	0.0	1.62	10821	98.38
GCA_030512305.1	11249	340	3.02	0	0.0	3.02	10909	96.98
GCA_051942165.1	9689	2550	26.32	0	0.0	26.32	7139	73.68
GCF_020736505.1	12640	242	1.91	0	0.0	1.91	12398	98.09
GCA_025602915.1	10857	801	7.38	0	0.0	7.38	10056	92.62
GCA_002794465.1	3766	200	5.31	0	0.0	5.31	3566	94.69
GCF_003813185.1	15376	766	4.98	0	0.0	4.98	14610	95.02
GCF_000146045.2	6027	53	0.88	0	0.0	0.88	5974	99.12
GCA_025528865.1	10981	636	5.79	0	0.0	5.79	10345	94.21
GCF_000002655.1	9629	18	0.19	0	0.0	0.19	9611	99.81
GCF_022497035.1	10670	75	0.7	0	0.0	0.7	10595	99.3
GCA_030867225.1	15292	773	5.05	0	0.0	5.05	14519	94.95
GCA_027576995.1	7102	576	8.11	0	0.0	8.11	6526	91.89
GCA_029449255.1	39083	3244	8.3	0	0.0	8.3	35839	91.7
GCA_028827645.1	11892	211	1.77	0	0.0	1.77	11681	98.23
GCA_016946835.1	27675	1393	5.03	0	0.0	5.03	26282	94.97
GCF_021365365.1	20497	1091	5.32	0	0.0	5.32	19406	94.68
GCA_041956445.1	8734	98	1.12	0	0.0	1.12	8636	98.88
GCF_033847375.1	10998	0	0.0	0	0.0	0.0	10998	100.0
GCF_023522795.1	18900	4	0.02	0	0.0	0.02	18896	99.98
GCA_029603245.1	18873	3225	17.09	0	0.0	17.09	15648	82.91
GCA_051941765.1	7012	788	11.24	0	0.0	11.24	6224	88.76
GCA_963674455.1	10195	41	0.4	0	0.0	0.4	10154	99.6
GCA_010015785.1	9234	1283	13.89	0	0.0	13.89	7951	86.11
GCA_014905825.1	15046	916	6.09	0	0.0	6.09	14130	93.91
GCF_016647625.1	17080	1623	9.5	0	0.0	9.5	15457	90.5
GCA_002087915.1	2169	19	0.88	0	0.0	0.88	2150	99.12
GCA_002104975.1	20214	1791	8.86	0	0.0	8.86	18423	91.14
GCA_021399475.1	17320	1140	6.58	0	0.0	6.58	16180	93.42
GCA_041956615.1	9034	0	0.0	0	0.0	0.0	9034	100.0
GCF_000225545.1	11479	5	0.04	0	0.0	0.04	11474	99.96
GCA_010093715.1	13471	796	5.91	0	0.0	5.91	12675	94.09
GCA_022984845.1	8815	58	0.66	0	0.0	0.66	8757	99.34
GCA_030549215.1	12641	653	5.17	0	0.0	5.17	11988	94.83
GCF_000271585.1	14293	1678	11.74	0	0.0	11.74	12615	88.26
GCF_000304475.1	5375	7	0.13	0	0.0	0.13	5368	99.87
GCA_010093705.1	9793	920	9.39	0	0.0	9.39	8873	90.61
GCA_003550305.1	21158	2069	9.78	0	0.0	9.78	19089	90.22
GCF_000348985.1	5319	10	0.19	0	0.0	0.19	5309	99.81
GCA_010405405.1	12493	349	2.79	0	0.0	2.79	12144	97.21
GCA_047715515.1	11406	172	1.51	0	0.0	1.51	11234	98.49
GCA_029378385.1	41457	4283	10.33	0	0.0	10.33	37174	89.67
GCF_013085055.1	16202	389	2.4	0	0.0	2.4	15813	97.6
GCF_028828765.1	14180	205	1.45	0	0.0	1.45	13975	98.55
GCA_003086735.1	6519	322	4.94	0	0.0	4.94	6197	95.06
GCA_041438165.1	11722	2158	18.41	0	0.0	18.41	9564	81.59
GCF_002926055.2	5249	9	0.17	0	0.0	0.17	5240	99.83
GCA_019973155.2	17158	49	0.29	0	0.0	0.29	17109	99.71
GCF_019434415.1	13261	16	0.12	11	0.08	0.2	13234	99.8
GCA_963924405.1	6055	90	1.49	0	0.0	1.49	5965	98.51
GCF_000219625.1	10941	1542	14.09	0	0.0	14.09	9399	85.91
GCA_027603065.1	8866	82	0.92	0	0.0	0.92	8784	99.08
GCA_006535955.1	8031	225	2.8	0	0.0	2.8	7806	97.2
GCF_003013715.1	5327	0	0.0	0	0.0	0.0	5327	100.0
GCA_003184645.1	12882	788	6.12	0	0.0	6.12	12094	93.88
GCF_035928015.1	11205	0	0.0	0	0.0	0.0	11205	100.0
GCA_015951145.1	13772	1744	12.66	0	0.0	12.66	12028	87.34
GCA_022814265.1	8485	165	1.94	0	0.0	1.94	8320	98.06
GCA_051941645.1	7706	2510	32.57	0	0.0	32.57	5196	67.43
GCF_000835505.1	13187	23	0.17	414	3.14	3.31	12750	96.69
GCA_005059845.1	13960	2947	21.11	0	0.0	21.11	11013	78.89
GCA_036429605.1	12283	25	0.2	0	0.0	0.2	12258	99.8
GCF_038497905.1	5842	208	3.56	0	0.0	3.56	5634	96.44
GCA_003947045.1	17262	429	2.49	0	0.0	2.49	16833	97.51
GCF_028974205.1	11212	159	1.42	0	0.0	1.42	11053	98.58
GCF_003144115.1	7007	423	6.04	0	0.0	6.04	6584	93.96
GCA_025677895.1	11985	748	6.24	0	0.0	6.24	11237	93.76
GCA_001630475.1	13076	1084	8.29	0	0.0	8.29	11992	91.71
GCF_028829835.1	11810	173	1.46	0	0.0	1.46	11637	98.54
GCA_014065205.1	12380	777	6.28	0	0.0	6.28	11603	93.72
GCA_964058965.1	11965	1146	9.58	0	0.0	9.58	10819	90.42
GCA_048932755.1	9964	0	0.0	0	0.0	0.0	9964	100.0
GCA_047715635.1	13925	190	1.36	0	0.0	1.36	13735	98.64
GCF_021436955.1	10553	33	0.31	0	0.0	0.31	10520	99.69
GCA_030039255.1	7205	41	0.57	0	0.0	0.57	7164	99.43
GCA_020744375.1	19198	1062	5.53	0	0.0	5.53	18136	94.47
GCA_003788595.2	17977	2695	14.99	0	0.0	14.99	15282	85.01
GCA_022606255.1	12439	433	3.48	0	0.0	3.48	12006	96.52
GCF_041956645.1	9923	0	0.0	0	0.0	0.0	9923	100.0
GCF_044167205.1	7505	4	0.05	0	0.0	0.05	7501	99.95
GCA_001189435.1	9317	816	8.76	9	0.1	8.85	8492	91.15
GCA_022963115.1	6809	4	0.06	0	0.0	0.06	6805	99.94
GCA_004786125.1	12613	48	0.38	0	0.0	0.38	12565	99.62
GCF_025882075.1	8234	300	3.64	0	0.0	3.64	7934	96.36
GCA_012931995.1	17169	665	3.87	0	0.0	3.87	16504	96.13
GCA_001953115.1	8247	748	9.07	0	0.0	9.07	7499	90.93
GCF_001890105.1	9870	282	2.86	0	0.0	2.86	9588	97.14
GCA_038380885.1	10228	290	2.84	0	0.0	2.84	9938	97.16
GCA_036872735.1	11820	4	0.03	5	0.04	0.08	11811	99.92
GCF_000145635.1	14650	309	2.11	49	0.33	2.44	14292	97.56
GCF_028827675.1	11858	221	1.86	0	0.0	1.86	11637	98.14
GCF_003184785.1	12016	469	3.9	0	0.0	3.9	11547	96.1
GCA_022495115.1	12064	82	0.68	0	0.0	0.68	11982	99.32
GCA_003614755.1	6118	1645	26.89	0	0.0	26.89	4473	73.11
GCF_016097325.1	13182	17	0.13	2	0.02	0.14	13163	99.86
GCA_018855395.1	16549	6242	37.72	0	0.0	37.72	10307	62.28
GCA_014904835.1	13467	1545	11.47	0	0.0	11.47	11922	88.53
GCA_022578775.1	12428	77	0.62	0	0.0	0.62	12351	99.38
GCA_029590625.1	10630	0	0.0	0	0.0	0.0	10630	100.0
GCF_000151145.1	8765	2	0.02	0	0.0	0.02	8763	99.98
GCA_900074905.1	13673	0	0.0	0	0.0	0.0	13673	100.0
GCA_033576145.1	10893	448	4.11	0	0.0	4.11	10445	95.89
GCF_000150115.1	9253	5	0.05	0	0.0	0.05	9248	99.95
GCF_003144245.1	6858	456	6.65	0	0.0	6.65	6402	93.35
GCA_019096155.1	10761	12	0.11	0	0.0	0.11	10749	99.89
GCA_029218145.1	11167	0	0.0	0	0.0	0.0	11167	100.0
GCF_025602895.1	10670	591	5.54	0	0.0	5.54	10079	94.46
GCF_033870435.1	10309	0	0.0	0	0.0	0.0	10309	100.0
GCA_000503235.1	10166	0	0.0	0	0.0	0.0	10166	100.0
GCA_948474695.1	15520	0	0.0	0	0.0	0.0	15520	100.0
GCF_000836295.1	11357	64	0.56	583	5.13	5.7	10710	94.3
GCF_004355905.1	12452	413	3.32	1	0.01	3.32	12038	96.68
GCA_009809945.1	30022	674	2.25	0	0.0	2.25	29348	97.75
GCA_027600675.1	10408	484	4.65	0	0.0	4.65	9924	95.35
GCA_047715765.1	11287	151	1.34	0	0.0	1.34	11136	98.66
GCA_038363915.1	16180	239	1.48	0	0.0	1.48	15941	98.52
GCA_012934285.1	9973	12	0.12	0	0.0	0.12	9961	99.88
GCF_020744135.1	12844	159	1.24	0	0.0	1.24	12685	98.76
GCF_000732125.1	8376	0	0.0	0	0.0	0.0	8376	100.0
GCA_013396175.1	14097	88	0.62	0	0.0	0.62	14009	99.38
GCF_014898295.1	12210	0	0.0	0	0.0	0.0	12210	100.0
GCA_014925845.1	13637	896	6.57	0	0.0	6.57	12741	93.43
GCA_029378375.1	97003	12823	13.22	0	0.0	13.22	84180	86.78
GCA_016647685.1	17198	1852	10.77	0	0.0	10.77	15346	89.23
GCA_023645885.1	7823	1001	12.8	0	0.0	12.8	6822	87.2
GCA_029542945.1	3338	17	0.51	0	0.0	0.51	3321	99.49
GCA_051148585.1	13129	3	0.02	0	0.0	0.02	13126	99.98
GCA_900074765.1	5335	108	2.02	0	0.0	2.02	5227	97.98
GCF_020647865.1	12454	7	0.06	19	0.15	0.21	12428	99.79
GCF_000004155.1	5180	27	0.52	8	0.15	0.68	5145	99.32
GCA_911174995.1	9538	8	0.08	0	0.0	0.08	9530	99.92
GCF_016861735.1	10330	14	0.14	0	0.0	0.14	10316	99.86
GCF_038381095.1	12062	511	4.24	0	0.0	4.24	11551	95.76
GCF_019669845.1	9962	152	1.53	0	0.0	1.53	9810	98.47
GCA_027596075.1	12571	774	6.16	0	0.0	6.16	11797	93.84
GCA_000827485.1	18093	2523	13.94	0	0.0	13.94	15570	86.06
GCA_003635345.1	10035	53	0.53	22	0.22	0.75	9960	99.25
GCA_910592345.1	11842	2879	24.31	0	0.0	24.31	8963	75.69
GCF_028829585.1	11521	188	1.63	0	0.0	1.63	11333	98.37
GCA_016584345.1	16523	1614	9.77	0	0.0	9.77	14909	90.23
GCA_001636815.1	9496	0	0.0	0	0.0	0.0	9496	100.0
GCA_964275045.1	5654	106	1.87	0	0.0	1.87	5548	98.13
GCA_026745475.1	11788	2	0.02	0	0.0	0.02	11786	99.98
GCA_033439705.1	11779	171	1.45	0	0.0	1.45	11608	98.55
GCF_000769745.1	11060	0	0.0	0	0.0	0.0	11060	100.0
GCA_004802725.1	9805	279	2.85	0	0.0	2.85	9526	97.15
GCF_001720195.1	6341	1	0.02	0	0.0	0.02	6340	99.98
GCA_029542845.1	3958	16	0.4	0	0.0	0.4	3942	99.6
GCA_000765035.1	10233	165	1.61	0	0.0	1.61	10068	98.39
GCF_001561935.1	9629	0	0.0	0	0.0	0.0	9629	100.0
GCA_050630565.1	9031	271	3.0	0	0.0	3.0	8760	97.0
GCA_025201675.1	10442	1010	9.67	0	0.0	9.67	9432	90.33
GCA_022963125.1	6887	2	0.03	0	0.0	0.03	6885	99.97
GCA_001632425.1	13157	1285	9.77	0	0.0	9.77	11872	90.23
GCA_002077065.1	18781	127	0.68	0	0.0	0.68	18654	99.32
GCA_023645895.1	7084	1096	15.47	0	0.0	15.47	5988	84.53
GCA_029282285.1	52293	5748	10.99	0	0.0	10.99	46545	89.01
GCF_028826915.1	10403	181	1.74	0	0.0	1.74	10222	98.26
GCF_000150035.1	5362	125	2.33	0	0.0	2.33	5237	97.67
GCF_009193585.1	13913	186	1.34	0	0.0	1.34	13727	98.66
GCA_013781345.1	13908	117	0.84	0	0.0	0.84	13791	99.16
GCA_029378395.1	75888	9514	12.54	0	0.0	12.54	66374	87.46
GCA_051557425.1	7058	3	0.04	0	0.0	0.04	7055	99.96
GCA_023645975.1	8306	574	6.91	0	0.0	6.91	7732	93.09
GCA_000230595.3	4190	140	3.34	0	0.0	3.34	4050	96.66
GCA_022376515.1	14968	1619	10.82	0	0.0	10.82	13349	89.18
GCA_003086725.1	7338	453	6.17	0	0.0	6.17	6885	93.83
GCA_001466705.2	17133	1217	7.1	17	0.1	7.2	15899	92.8
GCF_000271605.1	11330	888	7.84	0	0.0	7.84	10442	92.16
GCA_039778275.1	14121	50	0.35	0	0.0	0.35	14071	99.65
GCA_001990825.1	11478	631	5.5	0	0.0	5.5	10847	94.5
GCA_022836555.1	14916	334	2.24	0	0.0	2.24	14582	97.76
GCA_050947405.1	11885	82	0.69	0	0.0	0.69	11803	99.31
GCA_047715885.1	11006	101	0.92	0	0.0	0.92	10905	99.08
GCA_024613165.1	17028	1972	11.58	0	0.0	11.58	15056	88.42
GCA_013368445.1	11537	7	0.06	0	0.0	0.06	11530	99.94
GCF_000226115.1	9802	662	6.75	0	0.0	6.75	9140	93.25
GCA_051938815.1	15925	28	0.18	2577	16.18	16.36	13320	83.64
GCA_021014945.1	14618	1409	9.64	0	0.0	9.64	13209	90.36
GCA_022160365.1	10966	2083	19.0	0	0.0	19.0	8883	81.0
GCA_001895945.1	14438	961	6.66	0	0.0	6.66	13477	93.34
GCA_015844325.1	12935	139	1.07	0	0.0	1.07	12796	98.93
GCA_015852495.1	11339	1476	13.02	0	0.0	13.02	9863	86.98
GCA_010094045.1	13746	752	5.47	0	0.0	5.47	12994	94.53
GCF_000250985.1	2661	73	2.74	0	0.0	2.74	2588	97.26
GCF_001720155.1	8094	37	0.46	0	0.0	0.46	8057	99.54
GCA_027575855.1	7268	3629	49.93	0	0.0	49.93	3639	50.07
GCF_000403515.1	7472	0	0.0	0	0.0	0.0	7472	100.0
GCF_001298625.1	5379	40	0.74	0	0.0	0.74	5339	99.26
GCF_000221225.1	7226	65	0.9	0	0.0	0.9	7161	99.1
GCA_022578945.1	12268	73	0.6	0	0.0	0.6	12195	99.4
GCA_026026355.1	6492	95	1.46	0	0.0	1.46	6397	98.54
GCA_023375755.1	13330	135	1.01	0	0.0	1.01	13195	98.99
GCA_051805555.1	9040	25	0.28	0	0.0	0.28	9015	99.72
GCA_051942045.1	11200	4262	38.05	0	0.0	38.05	6938	61.95
GCF_000149585.1	9313	77	0.83	0	0.0	0.83	9236	99.17
GCA_048565125.1	11810	132	1.12	0	0.0	1.12	11678	98.88
GCA_013266165.1	11163	81	0.73	0	0.0	0.73	11082	99.27
GCA_036851105.1	13740	48	0.35	0	0.0	0.35	13692	99.65
GCA_019702505.1	11837	34	0.29	0	0.0	0.29	11803	99.71
GCF_900074925.1	11612	3	0.03	0	0.0	0.03	11609	99.97
GCF_000150705.2	8826	28	0.32	0	0.0	0.32	8798	99.68
GCA_010093695.1	13205	739	5.6	0	0.0	5.6	12466	94.4
GCA_000507405.3	7927	16	0.2	0	0.0	0.2	7911	99.8
GCA_017311285.1	2856	125	4.38	0	0.0	4.38	2731	95.62
GCA_021432655.1	17598	2042	11.6	0	0.0	11.6	15556	88.4
GCA_016508695.1	8215	179	2.18	0	0.0	2.18	8036	97.82
GCA_027595825.1	7026	2367	33.69	0	0.0	33.69	4659	66.31
GCF_044049435.1	14448	129	0.89	0	0.0	0.89	14319	99.11
GCF_003851025.1	13157	8	0.06	0	0.0	0.06	13149	99.94
GCA_011058905.1	11490	36	0.31	0	0.0	0.31	11454	99.69
GCA_004522665.1	12163	50	0.41	0	0.0	0.41	12113	99.59
GCF_000313525.1	9184	0	0.0	0	0.0	0.0	9184	100.0
GCA_002105025.1	15811	988	6.25	0	0.0	6.25	14823	93.75
GCA_008065275.1	4376	0	0.0	0	0.0	0.0	4376	100.0
GCA_022813925.1	10754	442	4.11	0	0.0	4.11	10312	95.89
GCA_022160305.1	15125	1325	8.76	0	0.0	8.76	13800	91.24
GCF_020726465.1	11552	289	2.5	0	0.0	2.5	11263	97.5
GCA_000827195.1	21033	3220	15.31	0	0.0	15.31	17813	84.69
GCA_018397855.1	13195	31	0.23	0	0.0	0.23	13164	99.77
GCA_024663515.1	15798	1606	10.17	0	0.0	10.17	14192	89.83
GCF_000002945.2	5166	70	1.36	2	0.04	1.39	5094	98.61
GCA_003942215.1	10224	38	0.37	0	0.0	0.37	10186	99.63
GCA_023645945.1	8068	1273	15.78	0	0.0	15.78	6795	84.22
GCF_020726525.1	14777	465	3.15	0	0.0	3.15	14312	96.85
GCF_023758065.1	10954	34	0.31	0	0.0	0.31	10920	99.69
GCA_014925785.1	49685	5543	11.16	0	0.0	11.16	44142	88.84
GCA_022385715.1	12717	73	0.57	0	0.0	0.57	12644	99.43
GCF_035927965.1	10917	43	0.39	0	0.0	0.39	10874	99.61
GCF_000271645.1	8292	806	9.72	0	0.0	9.72	7486	90.28
GCA_022453515.1	12484	95	0.76	0	0.0	0.76	12389	99.24
GCA_022578845.1	11824	51	0.43	0	0.0	0.43	11773	99.57
GCF_025201335.1	10988	851	7.74	0	0.0	7.74	10137	92.26
GCA_003550325.1	31247	2758	8.83	0	0.0	8.83	28489	91.17
GCF_003019875.1	9642	416	4.31	0	0.0	4.31	9226	95.69
GCF_047715735.1	12813	114	0.89	0	0.0	0.89	12699	99.11
GCF_028827025.1	12828	213	1.66	0	0.0	1.66	12615	98.34
GCA_010093795.1	10782	648	6.01	0	0.0	6.01	10134	93.99
GCF_002102565.1	7392	133	1.8	0	0.0	1.8	7259	98.2
GCA_016628065.1	19383	1975	10.19	0	0.0	10.19	17408	89.81
GCA_022814175.1	8117	136	1.68	0	0.0	1.68	7981	98.32
GCA_009176345.1	12743	160	1.26	0	0.0	1.26	12583	98.74
GCA_025765595.1	15460	1323	8.56	0	0.0	8.56	14137	91.44
GCF_030347475.1	15634	14	0.09	6	0.04	0.13	15614	99.87
GCA_021524915.1	12855	906	7.05	0	0.0	7.05	11949	92.95
GCA_003086715.1	7132	1410	19.77	0	0.0	19.77	5722	80.23
GCA_015500155.1	13339	5643	42.3	0	0.0	42.3	7696	57.7
GCF_022478715.1	10735	68	0.63	0	0.0	0.63	10667	99.37
GCF_035222475.1	11167	114	1.02	0	0.0	1.02	11053	98.98
GCA_020080175.1	7646	248	3.24	0	0.0	3.24	7398	96.76
GCA_027579505.1	7318	2292	31.32	0	0.0	31.32	5026	68.68
GCA_022579005.1	9862	62	0.63	0	0.0	0.63	9800	99.37
GCA_002087885.1	2691	15	0.56	0	0.0	0.56	2676	99.44
GCA_910591775.1	16277	11835	72.71	0	0.0	72.71	4442	27.29
GCF_030864355.1	7753	1	0.01	0	0.0	0.01	7752	99.99
GCA_004369045.1	12569	638	5.08	0	0.0	5.08	11931	94.92
GCF_000313485.1	6702	0	0.0	0	0.0	0.0	6702	100.0
GCA_016758895.1	9240	1013	10.96	0	0.0	10.96	8227	89.04
GCF_000182965.3	6030	54	0.9	0	0.0	0.9	5976	99.1
GCF_038497685.1	6129	114	1.86	0	0.0	1.86	6015	98.14
GCA_029281495.1	29145	2721	9.34	0	0.0	9.34	26424	90.66
GCA_021436925.2	12143	170	1.4	0	0.0	1.4	11973	98.6
GCA_016695475.1	16889	2370	14.03	0	0.0	14.03	14519	85.97
GCF_024244095.1	2542	13	0.51	0	0.0	0.51	2529	99.49
GCF_009193445.1	13428	120	0.89	0	0.0	0.89	13308	99.11
GCA_030512335.1	14552	843	5.79	0	0.0	5.79	13709	94.21
GCF_028826845.1	10805	161	1.49	0	0.0	1.49	10644	98.51
GCA_001969505.1	8068	587	7.28	0	0.0	7.28	7481	92.72
GCF_000409485.1	13081	0	0.0	0	0.0	0.0	13081	100.0
GCA_022179045.1	14012	0	0.0	0	0.0	0.0	14012	100.0
GCA_003144125.1	7069	450	6.37	0	0.0	6.37	6619	93.63
GCA_028827375.1	13049	233	1.79	0	0.0	1.79	12816	98.21
GCA_016758985.1	13019	1155	8.87	0	0.0	8.87	11864	91.13
GCF_000738915.1	2430	46	1.89	0	0.0	1.89	2384	98.11
GCA_029542905.1	3786	4	0.11	0	0.0	0.11	3782	99.89
GCA_019359905.1	2850	2698	94.67	0	0.0	94.67	152	5.33
GCF_026210795.1	31153	0	0.0	21	0.07	0.07	31132	99.93
GCF_014133895.1	4930	3	0.06	0	0.0	0.06	4927	99.94
GCA_033575675.1	11333	701	6.19	0	0.0	6.19	10632	93.81
GCF_009017415.1	13707	99	0.72	0	0.0	0.72	13608	99.28
GCF_004382785.1	10428	381	3.65	0	0.0	3.65	10047	96.35
GCF_028828045.1	12001	148	1.23	0	0.0	1.23	11853	98.77
GCA_010093895.1	10683	408	3.82	0	0.0	3.82	10275	96.18
GCA_015956445.1	13337	907	6.8	0	0.0	6.8	12430	93.2
GCA_002901185.1	7646	901	11.78	10	0.13	11.91	6735	88.09
GCA_015178995.1	13307	1144	8.6	0	0.0	8.6	12163	91.4
GCA_030435655.1	18550	1177	6.35	0	0.0	6.35	17373	93.65
GCA_035927975.1	7772	1089	14.01	0	0.0	14.01	6683	85.99
GCF_000236905.1	5252	13	0.25	0	0.0	0.25	5239	99.75
GCF_022343315.1	11837	570	4.82	0	0.0	4.82	11267	95.18
GCA_026026815.1	9802	115	1.17	0	0.0	1.17	9687	98.83
GCF_035927105.1	13061	1	0.01	0	0.0	0.01	13060	99.99
GCA_002938355.1	13420	997	7.43	0	0.0	7.43	12423	92.57
GCF_000184455.2	12074	96	0.8	0	0.0	0.8	11978	99.2
GCA_011066345.1	12978	258	1.99	0	0.0	1.99	12720	98.01
GCA_000814975.1	10891	10891	100.0	0	0.0	100.0	0	0.0
GCA_051941955.1	8528	720	8.44	0	0.0	8.44	7808	91.56
GCA_051942085.1	9541	91	0.95	0	0.0	0.95	9450	99.05
GCA_009176405.1	14182	197	1.39	0	0.0	1.39	13985	98.61
GCA_030411725.1	12289	289	2.35	0	0.0	2.35	12000	97.65
GCF_028502605.1	11590	0	0.0	0	0.0	0.0	11590	100.0
GCF_023757985.1	10985	20	0.18	0	0.0	0.18	10965	99.82
GCA_050402965.1	9419	200	2.12	0	0.0	2.12	9219	97.88
GCF_005498985.1	6596	7	0.11	0	0.0	0.11	6589	99.89
GCA_004369135.1	33640	5644	16.78	0	0.0	16.78	27996	83.22
GCA_013368325.1	15072	5	0.03	0	0.0	0.03	15067	99.97
GCA_015501585.1	22868	2275	9.95	0	0.0	9.95	20593	90.05
GCA_029542885.1	3561	23	0.65	0	0.0	0.65	3538	99.35
GCF_039999085.1	7806	196	2.51	0	0.0	2.51	7610	97.49
GCA_022813945.1	9391	148	1.58	0	0.0	1.58	9243	98.42
GCA_015039435.1	14932	1625	10.88	0	0.0	10.88	13307	89.12
GCA_024703715.1	7146	58	0.81	0	0.0	0.81	7088	99.19
GCA_022813965.1	8691	290	3.34	0	0.0	3.34	8401	96.66
GCA_032760415.1	7168	0	0.0	0	0.0	0.0	7168	100.0
GCA_049307695.1	12381	158	1.28	0	0.0	1.28	12223	98.72
GCA_010015825.1	18116	681	3.76	0	0.0	3.76	17435	96.24
GCA_015484465.1	16587	1493	9.0	0	0.0	9.0	15094	91.0
GCA_002240705.1	7178	696	9.7	1	0.01	9.71	6481	90.29
GCA_001691785.3	16916	1474	8.71	0	0.0	8.71	15442	91.29
GCA_009938135.1	4533	2	0.04	0	0.0	0.04	4531	99.96
GCA_003611235.1	6532	303	4.64	0	0.0	4.64	6229	95.36
GCF_000961545.1	10277	0	0.0	0	0.0	0.0	10277	100.0
GCA_027577035.1	6183	1320	21.35	0	0.0	21.35	4863	78.65
GCF_000149645.3	10386	23	0.22	0	0.0	0.22	10363	99.78
GCA_022592445.1	13046	1074	8.23	0	0.0	8.23	11972	91.77
GCA_026026165.1	7422	63	0.85	0	0.0	0.85	7359	99.15
GCF_013390195.1	15190	0	0.0	0	0.0	0.0	15190	100.0
GCF_019321695.1	13864	0	0.0	0	0.0	0.0	13864	100.0
GCA_050947565.1	4830	9	0.19	0	0.0	0.19	4821	99.81
GCA_001661245.1	5666	601	10.61	0	0.0	10.61	5065	89.39
GCF_019112545.1	14273	753	5.28	0	0.0	5.28	13520	94.72
GCA_027576915.1	6346	1639	25.83	0	0.0	25.83	4707	74.17
GCA_027579275.1	6584	3174	48.21	0	0.0	48.21	3410	51.79
GCA_051942345.1	7430	1111	14.95	0	0.0	14.95	6319	85.05
GCA_015501065.1	19047	1645	8.64	0	0.0	8.64	17402	91.36
GCF_027921745.1	5098	0	0.0	0	0.0	0.0	5098	100.0
GCF_001907595.1	9523	22	0.23	0	0.0	0.23	9501	99.77
GCA_029204075.1	37254	3748	10.06	0	0.0	10.06	33506	89.94
GCA_050403465.1	7441	98	1.32	0	0.0	1.32	7343	98.68
GCA_020045945.2	11720	76	0.65	690	5.89	6.54	10954	93.46
GCA_025526915.1	10117	1134	11.21	0	0.0	11.21	8983	88.79
GCA_009193665.1	13895	166	1.19	0	0.0	1.19	13729	98.81
GCF_001500285.1	18556	991	5.34	0	0.0	5.34	17565	94.66
GCA_025605225.1	5176	10	0.19	0	0.0	0.19	5166	99.81
GCF_003171515.1	15455	28	0.18	0	0.0	0.18	15427	99.82
GCA_004379285.1	12454	191	1.53	0	0.0	1.53	12263	98.47
GCA_000412225.2	4487	0	0.0	0	0.0	0.0	4487	100.0
GCF_003184835.1	11962	313	2.62	0	0.0	2.62	11649	97.38
GCA_020744415.1	13889	528	3.8	0	0.0	3.8	13361	96.2
GCA_002922495.1	7014	159	2.27	0	0.0	2.27	6855	97.73
GCA_050947815.1	13017	0	0.0	0	0.0	0.0	13017	100.0
GCF_001651985.1	12090	0	0.0	0	0.0	0.0	12090	100.0
GCA_038497665.1	7139	165	2.31	0	0.0	2.31	6974	97.69
GCA_003788615.2	12110	1243	10.26	0	0.0	10.26	10867	89.74
GCA_048571495.1	12061	115	0.95	0	0.0	0.95	11946	99.05
GCA_010094025.1	11858	634	5.35	0	0.0	5.35	11224	94.65
GCA_033296725.1	9528	261	2.74	0	0.0	2.74	9267	97.26
GCA_009193595.1	12947	174	1.34	0	0.0	1.34	12773	98.66
GCA_029281435.1	20803	2046	9.84	0	0.0	9.84	18757	90.16
GCF_004000055.1	10346	0	0.0	0	0.0	0.0	10346	100.0
GCF_001204775.2	11904	957	8.04	0	0.0	8.04	10947	91.96
GCA_036971715.1	12724	4	0.03	31	0.24	0.28	12689	99.72
GCF_036327395.1	11248	40	0.36	0	0.0	0.36	11208	99.64
GCF_030867785.1	15034	570	3.79	0	0.0	3.79	14464	96.21
GCA_004366825.1	12540	0	0.0	0	0.0	0.0	12540	100.0
GCF_025024165.1	7284	686	9.42	0	0.0	9.42	6598	90.58
GCA_014621435.1	15199	2	0.01	0	0.0	0.01	15197	99.99
GCF_036426115.1	8614	0	0.0	0	0.0	0.0	8614	100.0
GCA_051941935.1	7527	295	3.92	0	0.0	3.92	7232	96.08
GCA_001658105.1	14465	1691	11.69	0	0.0	11.69	12774	88.31
GCF_007821495.1	9157	581	6.34	0	0.0	6.34	8576	93.66
GCA_033439685.1	13444	336	2.5	0	0.0	2.5	13108	97.5
GCA_015499985.1	11813	1269	10.74	0	0.0	10.74	10544	89.26
GCF_028828655.1	11555	196	1.7	0	0.0	1.7	11359	98.3
GCA_030435615.1	20317	1358	6.68	0	0.0	6.68	18959	93.32
GCA_019364595.1	9014	621	6.89	0	0.0	6.89	8393	93.11
GCA_030435635.1	19984	1288	6.45	0	0.0	6.45	18696	93.55
GCF_037950935.1	6299	166	2.64	0	0.0	2.64	6133	97.36
GCA_902006505.2	18489	756	4.09	0	0.0	4.09	17733	95.91
GCF_033439665.1	10185	236	2.32	0	0.0	2.32	9949	97.68
GCA_900080155.1	7227	8	0.11	0	0.0	0.11	7219	99.89
GCF_900044065.1	15796	1	0.01	0	0.0	0.01	15795	99.99
GCA_022496195.1	12802	1135	8.87	0	0.0	8.87	11667	91.13
GCA_030407055.1	15646	888	5.68	0	0.0	5.68	14758	94.32
GCF_000091025.4	4776	8	0.17	0	0.0	0.17	4768	99.83
GCA_001691775.3	7873	213	2.71	0	0.0	2.71	7660	97.29
GCA_000525045.1	5597	0	0.0	0	0.0	0.0	5597	100.0
GCA_042258205.1	6657	146	2.19	0	0.0	2.19	6511	97.81
GCA_051911615.1	11523	0	0.0	0	0.0	0.0	11523	100.0
GCF_013426205.1	11405	6	0.05	0	0.0	0.05	11399	99.95
GCA_023159155.1	13001	99	0.76	0	0.0	0.76	12902	99.24
GCA_033117895.1	12873	0	0.0	0	0.0	0.0	12873	100.0
GCA_025504975.1	13481	12	0.09	8	0.06	0.15	13461	99.85
GCF_016767815.1	9002	0	0.0	0	0.0	0.0	9002	100.0
GCA_007821535.1	8910	888	9.97	0	0.0	9.97	8022	90.03
GCA_044048685.1	12856	154	1.2	0	0.0	1.2	12702	98.8
GCF_010015815.1	11704	488	4.17	0	0.0	4.17	11216	95.83
GCA_014461125.1	14271	0	0.0	0	0.0	0.0	14271	100.0
GCA_033297215.1	12264	531	4.33	0	0.0	4.33	11733	95.67
GCA_022814195.1	11731	223	1.9	0	0.0	1.9	11508	98.1
GCF_000523455.1	12000	882	7.35	0	0.0	7.35	11118	92.65
GCA_028011355.1	11469	599	5.22	0	0.0	5.22	10870	94.78
GCA_027946455.1	10938	25	0.23	0	0.0	0.23	10913	99.77
GCA_027627325.1	9452	0	0.0	0	0.0	0.0	9452	100.0
GCA_026023835.1	6896	30	0.44	0	0.0	0.44	6866	99.56
GCA_027478445.1	6370	499	7.83	0	0.0	7.83	5871	92.17
GCA_903819635.1	9743	1924	19.75	0	0.0	19.75	7819	80.25
GCF_018340605.1	11281	12	0.11	0	0.0	0.11	11269	99.89
GCF_041956625.1	7558	0	0.0	0	0.0	0.0	7558	100.0
GCF_041956535.1	11722	47	0.4	0	0.0	0.4	11675	99.6
GCF_001619985.1	8201	169	2.06	0	0.0	2.06	8032	97.94
GCF_000835555.1	11382	10	0.09	0	0.0	0.09	11372	99.91
GCA_003070745.1	12345	791	6.41	0	0.0	6.41	11554	93.59
GCF_001278385.1	4202	0	0.0	0	0.0	0.0	4202	100.0
GCF_003344945.1	13682	227	1.66	0	0.0	1.66	13455	98.34
GCF_000091045.1	6863	3	0.04	91	1.33	1.37	6769	98.63
GCA_016647645.1	17069	1781	10.43	0	0.0	10.43	15288	89.57
GCA_019671135.1	12693	25	0.2	0	0.0	0.2	12668	99.8
GCA_003184705.1	12082	549	4.54	0	0.0	4.54	11533	95.46
GCF_000988165.1	3209	3	0.09	0	0.0	0.09	3206	99.91
GCF_038497645.1	6544	134	2.05	0	0.0	2.05	6410	97.95
GCF_024043155.1	11721	23	0.2	0	0.0	0.2	11698	99.8
GCA_022385805.1	13178	902	6.84	0	0.0	6.84	12276	93.16
GCA_024663475.1	15712	1620	10.31	0	0.0	10.31	14092	89.69
GCF_028827545.1	9582	162	1.69	0	0.0	1.69	9420	98.31
GCA_018360185.1	8747	1128	12.9	0	0.0	12.9	7619	87.1
GCA_001272575.2	8577	0	0.0	0	0.0	0.0	8577	100.0
GCA_032988895.1	19181	265	1.38	0	0.0	1.38	18916	98.62
GCA_051942125.1	7078	513	7.25	0	0.0	7.25	6565	92.75
GCA_028584115.1	12024	101	0.84	0	0.0	0.84	11923	99.16
GCF_000218685.1	12913	1677	12.99	1	0.01	12.99	11235	87.01
GCA_022264835.1	15983	1740	10.89	0	0.0	10.89	14243	89.11
GCF_022836535.1	12842	32	0.25	0	0.0	0.25	12810	99.75
GCA_041956545.1	8775	247	2.81	0	0.0	2.81	8528	97.19
GCA_041956415.1	11706	1	0.01	0	0.0	0.01	11705	99.99
GCA_001687445.1	13198	985	7.46	0	0.0	7.46	12213	92.54
GCA_021176775.1	12032	0	0.0	0	0.0	0.0	12032	100.0
GCA_000827215.1	35181	6228	17.7	0	0.0	17.7	28953	82.3
GCF_003426965.1	11682	11	0.09	0	0.0	0.09	11671	99.91
GCF_003184695.1	12060	535	4.44	0	0.0	4.44	11525	95.56
GCA_050370095.1	14637	0	0.0	0	0.0	0.0	14637	100.0
GCA_030407005.1	12228	453	3.7	0	0.0	3.7	11775	96.3
GCA_022664585.2	10787	154	1.43	0	0.0	1.43	10633	98.57
GCF_036810445.1	8575	0	0.0	0	0.0	0.0	8575	100.0
GCA_003589665.1	11307	1246	11.02	0	0.0	11.02	10061	88.98
GCF_025094135.1	14042	1005	7.16	0	0.0	7.16	13037	92.84
GCF_028827695.1	10267	192	1.87	0	0.0	1.87	10075	98.13
GCF_025526975.1	10065	469	4.66	0	0.0	4.66	9596	95.34
GCF_001662655.1	10685	21	0.2	0	0.0	0.2	10664	99.8
GCF_048999995.1	8286	0	0.0	0	0.0	0.0	8286	100.0
GCA_947243795.1	5536	4	0.07	0	0.0	0.07	5532	99.93
GCF_014898435.1	12202	0	0.0	0	0.0	0.0	12202	100.0
GCA_900006135.1	6747	36	0.53	0	0.0	0.53	6711	99.47
GCA_025558095.1	15175	856	5.64	0	0.0	5.64	14319	94.36
GCA_025201865.1	9222	1829	19.83	0	0.0	19.83	7393	80.17
GCA_015832175.1	13677	75	0.55	0	0.0	0.55	13602	99.45
GCF_014898535.1	12476	0	0.0	0	0.0	0.0	12476	100.0
GCF_023758015.1	11747	16	0.14	0	0.0	0.14	11731	99.86
GCA_022606135.1	14756	582	3.94	0	0.0	3.94	14174	96.06
GCF_028826965.1	10161	183	1.8	0	0.0	1.8	9978	98.2
GCF_025433545.1	14423	0	0.0	0	0.0	0.0	14423	100.0
GCA_015849295.1	12900	5552	43.04	0	0.0	43.04	7348	56.96
GCF_000968595.1	9841	876	8.9	0	0.0	8.9	8965	91.1
GCF_002954075.1	6408	1	0.02	0	0.0	0.02	6407	99.98
GCA_001006345.1	6907	0	0.0	0	0.0	0.0	6907	100.0
GCF_033296635.1	9290	192	2.07	0	0.0	2.07	9098	97.93
GCF_037102585.1	6419	16	0.25	0	0.0	0.25	6403	99.75
GCA_029590615.1	7823	0	0.0	0	0.0	0.0	7823	100.0
GCA_033296915.1	11394	522	4.58	0	0.0	4.58	10872	95.42
GCA_022605405.1	17743	1234	6.95	0	0.0	6.95	16509	93.05
GCA_026055935.1	6893	47	0.68	0	0.0	0.68	6846	99.32
GCF_000300575.1	10450	1130	10.81	0	0.0	10.81	9320	89.19
GCA_004679275.1	11717	644	5.5	0	0.0	5.5	11073	94.5
GCA_001984395.2	10099	23	0.23	0	0.0	0.23	10076	99.77
GCF_001661335.1	6398	508	7.94	0	0.0	7.94	5890	92.06
GCA_051820515.1	11077	121	1.09	0	0.0	1.09	10956	98.91
GCA_010093485.1	15040	657	4.37	0	0.0	4.37	14383	95.63
GCF_011947395.1	13328	0	0.0	0	0.0	0.0	13328	100.0
GCA_003184635.1	12569	520	4.14	0	0.0	4.14	12049	95.86
GCF_000151125.1	7973	36	0.45	0	0.0	0.45	7937	99.55
GCA_003260565.1	10800	17	0.16	0	0.0	0.16	10783	99.84
GCA_024613145.1	21752	2541	11.68	0	0.0	11.68	19211	88.32
GCA_051942205.1	7721	197	2.55	0	0.0	2.55	7524	97.45
GCA_037952775.1	21504	47	0.22	0	0.0	0.22	21457	99.78
GCA_018282025.1	12368	1830	14.8	0	0.0	14.8	10538	85.2
GCA_022606075.1	12070	808	6.69	0	0.0	6.69	11262	93.31
GCA_010093635.1	12935	686	5.3	0	0.0	5.3	12249	94.7
GCF_964197705.1	9519	36	0.38	0	0.0	0.38	9483	99.62
GCA_910591915.1	22053	9719	44.07	0	0.0	44.07	12334	55.93
GCA_015025155.1	18941	1822	9.62	0	0.0	9.62	17119	90.38
GCA_051942225.1	9778	121	1.24	0	0.0	1.24	9657	98.76
GCA_030512325.1	12768	153	1.2	0	0.0	1.2	12615	98.8
GCF_000203795.2	8386	704	8.39	0	0.0	8.39	7682	91.61
GCF_023758075.1	10919	27	0.25	0	0.0	0.25	10892	99.75
GCF_038497935.1	5621	339	6.03	0	0.0	6.03	5282	93.97
GCA_000827395.1	22036	5376	24.4	0	0.0	24.4	16660	75.6
GCA_001566295.1	13165	1339	10.17	0	0.0	10.17	11826	89.83
GCF_013390185.1	15190	0	0.0	0	0.0	0.0	15190	100.0
GCA_051938895.1	13743	19	0.14	2103	15.3	15.44	11621	84.56
GCA_029289555.1	37446	3486	9.31	0	0.0	9.31	33960	90.69
GCA_051941625.1	7901	479	6.06	0	0.0	6.06	7422	93.94
GCA_014898285.1	11870	0	0.0	0	0.0	0.0	11870	100.0
GCF_013461495.1	12345	99	0.8	0	0.0	0.8	12246	99.2
GCA_015584085.1	15789	2048	12.97	0	0.0	12.97	13741	87.03
GCA_001913855.2	13684	703	5.14	0	0.0	5.14	12981	94.86
GCF_000835495.1	14033	107	0.76	422	3.01	3.77	13504	96.23
GCA_033296685.1	11222	527	4.7	0	0.0	4.7	10695	95.3
GCA_016098155.1	9892	973	9.84	0	0.0	9.84	8919	90.16
GCA_027600665.1	11905	2524	21.2	0	0.0	21.2	9381	78.8
GCA_022495125.1	12485	102	0.82	0	0.0	0.82	12383	99.18
GCA_002812745.2	12795	12794	99.99	0	0.0	99.99	1	0.01
GCA_014898415.1	11107	0	0.0	0	0.0	0.0	11107	100.0
GCA_027604725.1	9698	546	5.63	0	0.0	5.63	9152	94.37
GCA_037044635.1	5391	12	0.22	0	0.0	0.22	5379	99.78
GCA_020740775.1	22025	1104	5.01	0	0.0	5.01	20921	94.99
GCA_024613185.1	16747	2284	13.64	0	0.0	13.64	14463	86.36
GCF_001692895.1	14697	2495	16.98	0	0.0	16.98	12202	83.02
GCF_028827895.1	11980	174	1.45	0	0.0	1.45	11806	98.55
GCA_000934395.1	11244	2089	18.58	0	0.0	18.58	9155	81.42
GCF_002846915.1	8824	314	3.56	0	0.0	3.56	8510	96.44
GCF_002079055.1	5542	3	0.05	0	0.0	0.05	5539	99.95
GCF_033439725.1	11250	463	4.12	0	0.0	4.12	10787	95.88
GCF_022578515.1	11144	72	0.65	0	0.0	0.65	11072	99.35
GCA_004367935.1	12442	0	0.0	0	0.0	0.0	12442	100.0
GCA_022814295.1	10886	307	2.82	0	0.0	2.82	10579	97.18
GCF_006535985.1	6304	15	0.24	0	0.0	0.24	6289	99.76
GCA_015039355.1	20298	3109	15.32	0	0.0	15.32	17189	84.68
GCF_009176365.1	13098	155	1.18	0	0.0	1.18	12943	98.82
GCA_022814335.1	8330	103	1.24	0	0.0	1.24	8227	98.76
GCA_003946985.1	16263	254	1.56	0	0.0	1.56	16009	98.44
GCA_014462675.1	24024	0	0.0	0	0.0	0.0	24024	100.0
GCA_025603075.1	8866	1115	12.58	0	0.0	12.58	7751	87.42
GCA_000447185.1	2764	74	2.68	0	0.0	2.68	2690	97.32
GCA_027596945.1	12792	2994	23.41	0	0.0	23.41	9798	76.59
GCA_010015675.1	15784	1068	6.77	0	0.0	6.77	14716	93.23
GCF_000003515.1	7759	6	0.08	0	0.0	0.08	7753	99.92
GCA_029948375.1	8765	98	1.12	0	0.0	1.12	8667	98.88
GCF_004011695.2	12041	6	0.05	1	0.01	0.06	12034	99.94
GCA_047715615.1	12450	103	0.83	0	0.0	0.83	12347	99.17
GCF_000836335.1	6694	1	0.01	0	0.0	0.01	6693	99.99
GCA_001630335.1	32854	4713	14.35	0	0.0	14.35	28141	85.65
GCA_043170715.1	9378	470	5.01	0	0.0	5.01	8908	94.99
GCA_023647555.1	2836	182	6.42	0	0.0	6.42	2654	93.58
GCF_001548555.1	4528	9	0.2	0	0.0	0.2	4519	99.8
GCA_011058865.1	11880	101	0.85	0	0.0	0.85	11779	99.15
GCA_900180425.1	5329	21	0.39	0	0.0	0.39	5308	99.61
GCA_003990745.1	13616	2336	17.16	32	0.24	17.39	11248	82.61
GCF_033458365.1	10446	281	2.69	0	0.0	2.69	10165	97.31
GCA_041956725.1	10296	2	0.02	0	0.0	0.02	10294	99.98
GCF_001890905.1	10830	389	3.59	0	0.0	3.59	10441	96.41
GCA_022813995.1	11395	102	0.9	0	0.0	0.9	11293	99.1
GCA_022385695.1	12945	94	0.73	0	0.0	0.73	12851	99.27
GCA_025782845.1	12353	978	7.92	0	0.0	7.92	11375	92.08
GCA_040256725.1	11532	278	2.41	0	0.0	2.41	11254	97.59
GCA_009428275.1	9799	342	3.49	0	0.0	3.49	9457	96.51
GCF_000835475.1	12762	15	0.12	0	0.0	0.12	12747	99.88
GCA_050947715.1	4004	4	0.1	0	0.0	0.1	4000	99.9
GCF_020509005.1	14993	42	0.28	0	0.0	0.28	14951	99.72
GCA_001636675.1	8461	0	0.0	0	0.0	0.0	8461	100.0
GCF_013396195.1	14181	68	0.48	0	0.0	0.48	14113	99.52
GCF_002847485.1	9658	221	2.29	0	0.0	2.29	9437	97.71
GCA_007821545.1	8947	1054	11.78	0	0.0	11.78	7893	88.22
GCA_016097375.2	14282	0	0.0	0	0.0	0.0	14282	100.0
GCA_001511075.1	15384	0	0.0	0	0.0	0.0	15384	100.0
GCA_004786245.1	12173	43	0.35	0	0.0	0.35	12130	99.65
GCA_013305495.1	13650	0	0.0	0	0.0	0.0	13650	100.0
GCA_016628085.1	16028	1702	10.62	0	0.0	10.62	14326	89.38
GCA_001696595.2	12583	450	3.58	0	0.0	3.58	12133	96.42
GCA_905067625.1	7993	386	4.83	0	0.0	4.83	7607	95.17
GCF_000146945.2	14490	12	0.08	0	0.0	0.08	14478	99.92
GCA_051819865.1	13038	123	0.94	0	0.0	0.94	12915	99.06
GCF_041956435.1	10918	8	0.07	0	0.0	0.07	10910	99.93
GCF_000143365.1	11040	8	0.07	0	0.0	0.07	11032	99.93
GCA_038051015.1	10063	350	3.48	0	0.0	3.48	9713	96.52
GCF_022984875.1	10262	90	0.88	0	0.0	0.88	10172	99.12
GCA_015832245.1	3639	396	10.88	0	0.0	10.88	3243	89.12
GCA_018360075.1	7558	290	3.84	0	0.0	3.84	7268	96.16
GCA_048626375.1	11625	142	1.22	0	0.0	1.22	11483	98.78
GCF_011745625.1	9704	16	0.16	0	0.0	0.16	9688	99.84
GCA_029281465.1	37557	4131	11.0	0	0.0	11.0	33426	89.0
GCA_000739165.1	12595	92	0.73	26	0.21	0.94	12477	99.06
GCF_003316985.1	11779	0	0.0	0	0.0	0.0	11779	100.0
GCA_025330725.1	13489	794	5.89	0	0.0	5.89	12695	94.11
GCA_003144235.1	8058	643	7.98	0	0.0	7.98	7415	92.02
GCA_018360255.1	7823	158	2.02	0	0.0	2.02	7665	97.98
GCA_010015635.1	13611	1272	9.35	0	0.0	9.35	12339	90.65
GCF_028827735.1	11713	206	1.76	0	0.0	1.76	11507	98.24
GCA_038025095.1	10084	336	3.33	0	0.0	3.33	9748	96.67
GCA_013396205.1	15666	149	0.95	0	0.0	0.95	15517	99.05
GCF_024291825.1	11632	161	1.38	0	0.0	1.38	11471	98.62
GCF_029532465.1	8004	185	2.31	0	0.0	2.31	7819	97.69
GCF_022478755.1	10825	87	0.8	0	0.0	0.8	10738	99.2
GCA_963921895.1	7861	92	1.17	0	0.0	1.17	7769	98.83
GCA_001661425.1	5830	666	11.42	0	0.0	11.42	5164	88.58
GCA_027919855.1	12280	741	6.03	0	0.0	6.03	11539	93.97
GCA_024516145.1	11812	568	4.81	0	0.0	4.81	11244	95.19
GCA_910592015.1	12017	3322	27.64	0	0.0	27.64	8695	72.36
GCA_024243835.1	3531	308	8.72	0	0.0	8.72	3223	91.28
GCF_027946475.1	12535	25	0.2	0	0.0	0.2	12510	99.8
GCA_013396005.1	13896	135	0.97	0	0.0	0.97	13761	99.03
GCA_030685255.1	11780	548	4.65	0	0.0	4.65	11232	95.35
GCA_015179015.1	18718	2424	12.95	0	0.0	12.95	16294	87.05
GCA_024516245.1	10990	565	5.14	0	0.0	5.14	10425	94.86
GCA_014839625.1	8173	39	0.48	0	0.0	0.48	8134	99.52
GCA_002865655.1	20386	1135	5.57	0	0.0	5.57	19251	94.43
GCA_949357655.1	10067	175	1.74	0	0.0	1.74	9892	98.26
GCF_010094035.1	17296	790	4.57	0	0.0	4.57	16506	95.43
GCA_027886635.1	11929	1078	9.04	0	0.0	9.04	10851	90.96
GCA_014621405.1	10132	0	0.0	0	0.0	0.0	10132	100.0
GCA_010356995.1	10178	531	5.22	0	0.0	5.22	9647	94.78
GCA_025786725.1	8845	555	6.27	0	0.0	6.27	8290	93.73
GCF_014066315.1	11013	0	0.0	0	0.0	0.0	11013	100.0
GCA_027579055.1	4893	318	6.5	0	0.0	6.5	4575	93.5
GCA_030039215.1	6962	40	0.57	0	0.0	0.57	6922	99.43
GCF_000143185.2	16193	988	6.1	0	0.0	6.1	15205	93.9
GCF_033297395.1	10950	462	4.22	0	0.0	4.22	10488	95.78
GCF_025331425.1	10883	544	5.0	0	0.0	5.0	10339	95.0
GCF_030913485.1	16071	511	3.18	0	0.0	3.18	15560	96.82
GCA_025716815.1	12391	1138	9.18	0	0.0	9.18	11253	90.82
GCF_001641265.1	9405	18	0.19	0	0.0	0.19	9387	99.81
GCA_027575765.1	12150	1159	9.54	0	0.0	9.54	10991	90.46
GCF_000585535.1	13421	202	1.51	0	0.0	1.51	13219	98.49
